id,description,dataset,category,subcategory,region,delay,universe,type,dateCoverage,coverage,userCount,alphaCount,themes,field_score
anl4_adjusted_netincome_ft,Adjusted net income - forecast type (revision/new/...),"{'id': 'analyst4', 'name': 'Analyst Estimate Data for Equity'}","{'id': 'analyst', 'name': 'Analyst'}","{'id': 'analyst-analyst-estimates', 'name': 'Analyst Estimates'}",USA,1,TOP3000,MATRIX,,0.8706,25439,49893,[],339.107
anl4_ptp_flag,Pretax income - forecast type (revision/new/...),"{'id': 'analyst4', 'name': 'Analyst Estimate Data for Equity'}","{'id': 'analyst', 'name': 'Analyst'}","{'id': 'analyst-analyst-estimates', 'name': 'Analyst Estimates'}",USA,1,TOP3000,MATRIX,,0.8289,9904,25292,[],157.488
anl4_bvps_flag,Book value per share - forecast type (revision/new/...),"{'id': 'analyst4', 'name': 'Analyst Estimate Data for Equity'}","{'id': 'analyst', 'name': 'Analyst'}","{'id': 'analyst-analyst-estimates', 'name': 'Analyst Estimates'}",USA,1,TOP3000,MATRIX,,0.8223,7717,17383,[],127.44500000000001
anl4_epsr_flag,"GAAP Earnings - estimation type (revision/new/...), per share","{'id': 'analyst4', 'name': 'Analyst Estimate Data for Equity'}","{'id': 'analyst', 'name': 'Analyst'}","{'id': 'analyst-analyst-estimates', 'name': 'Analyst Estimates'}",USA,1,TOP3000,MATRIX,,0.8742,6904,14216,[],118.224
anl4_netdebt_flag,Net debt - forecast type (revision/new/...),"{'id': 'analyst4', 'name': 'Analyst Estimate Data for Equity'}","{'id': 'analyst', 'name': 'Analyst'}","{'id': 'analyst-analyst-estimates', 'name': 'Analyst Estimates'}",USA,1,TOP3000,MATRIX,,0.8602,6546,16094,[],115.96200000000002
anl4_netprofit_flag,Net profit - forecast type (revision/new/...),"{'id': 'analyst4', 'name': 'Analyst Estimate Data for Equity'}","{'id': 'analyst', 'name': 'Analyst'}","{'id': 'analyst-analyst-estimates', 'name': 'Analyst Estimates'}",USA,1,TOP3000,MATRIX,,0.8778,6450,13166,[],112.778
anl4_flag_erbfintax,Earnings before interest and taxes - forecast type (revision/new/...),"{'id': 'analyst4', 'name': 'Analyst Estimate Data for Equity'}","{'id': 'analyst', 'name': 'Analyst'}","{'id': 'analyst-analyst-estimates', 'name': 'Analyst Estimates'}",USA,1,TOP3000,MATRIX,,0.8184,6447,11874,[],109.08000000000001
anl4_netprofit_number,Net profit - number of estimations,"{'id': 'analyst4', 'name': 'Analyst Estimate Data for Equity'}","{'id': 'analyst', 'name': 'Analyst'}","{'id': 'analyst-analyst-estimates', 'name': 'Analyst Estimates'}",USA,1,TOP3000,MATRIX,,0.7667,6337,10010,[],104.048
anl4_tbve_ft,Tangible Book Value per Share - forecast type (revision/new/...),"{'id': 'analyst4', 'name': 'Analyst Estimate Data for Equity'}","{'id': 'analyst', 'name': 'Analyst'}","{'id': 'analyst-analyst-estimates', 'name': 'Analyst Estimates'}",USA,1,TOP3000,MATRIX,,0.9305,5379,10185,[],101.195
anl4_gric_flag,Gross income - forecast type (revision/new/...),"{'id': 'analyst4', 'name': 'Analyst Estimate Data for Equity'}","{'id': 'analyst', 'name': 'Analyst'}","{'id': 'analyst-analyst-estimates', 'name': 'Analyst Estimates'}",USA,1,TOP3000,MATRIX,,0.8951,5370,9810,[],99.31400000000001
anl4_cff_flag,Cash Flow From Financing Activities - forecast type (revision/new/...),"{'id': 'analyst4', 'name': 'Analyst Estimate Data for Equity'}","{'id': 'analyst', 'name': 'Analyst'}","{'id': 'analyst-analyst-estimates', 'name': 'Analyst Estimates'}",USA,1,TOP3000,MATRIX,,0.8244,5710,7994,[],98.07
anl4_totassets_flag,Total Assets - forecast type (revision/new/...),"{'id': 'analyst4', 'name': 'Analyst Estimate Data for Equity'}","{'id': 'analyst', 'name': 'Analyst'}","{'id': 'analyst-analyst-estimates', 'name': 'Analyst Estimates'}",USA,1,TOP3000,MATRIX,,0.8122,5166,12751,[],96.899
anl4_ptpr_flag,Reported Pretax income - forecast type (revision/new/...),"{'id': 'analyst4', 'name': 'Analyst Estimate Data for Equity'}","{'id': 'analyst', 'name': 'Analyst'}","{'id': 'analyst-analyst-estimates', 'name': 'Analyst Estimates'}",USA,1,TOP3000,MATRIX,,0.9008,4933,10023,[],95.385
anl4_qf_az_eps_number,Earnings per share - number of estimations,"{'id': 'analyst4', 'name': 'Analyst Estimate Data for Equity'}","{'id': 'analyst', 'name': 'Analyst'}","{'id': 'analyst-analyst-estimates', 'name': 'Analyst Estimates'}",USA,1,TOP3000,MATRIX,,0.7848,4918,11205,[],91.777
anl4_ebit_value,Earnings before interest and taxes - announced financial value,"{'id': 'analyst4', 'name': 'Analyst Estimate Data for Equity'}","{'id': 'analyst', 'name': 'Analyst'}","{'id': 'analyst-analyst-estimates', 'name': 'Analyst Estimates'}",USA,1,TOP3000,MATRIX,1.0,0.9483,3469,16157,[],88.779
est_eps,Earnings per share - mean of estimations,"{'id': 'analyst4', 'name': 'Analyst Estimate Data for Equity'}","{'id': 'analyst', 'name': 'Analyst'}","{'id': 'analyst-analyst-estimates', 'name': 'Analyst Estimates'}",USA,1,TOP3000,MATRIX,,0.7848,4771,8429,[],87.531
anl4_qfd1_az_eps_number,Earnings per share - number of estimations,"{'id': 'analyst4', 'name': 'Analyst Estimate Data for Equity'}","{'id': 'analyst', 'name': 'Analyst'}","{'id': 'analyst-analyst-estimates', 'name': 'Analyst Estimates'}",USA,1,TOP3000,MATRIX,,0.7848,3913,6646,[],77.168
anl4_capex_flag,Capital Expenditures - forecast type (revision/new/...),"{'id': 'analyst4', 'name': 'Analyst Estimate Data for Equity'}","{'id': 'analyst', 'name': 'Analyst'}","{'id': 'analyst-analyst-estimates', 'name': 'Analyst Estimates'}",USA,1,TOP3000,MATRIX,,0.8506,3531,7062,[],76.396
anl4_epsr_number,GAAP Earnings per share - number of estimations,"{'id': 'analyst4', 'name': 'Analyst Estimate Data for Equity'}","{'id': 'analyst', 'name': 'Analyst'}","{'id': 'analyst-analyst-estimates', 'name': 'Analyst Estimates'}",USA,1,TOP3000,MATRIX,,0.7153,4165,5869,[],76.131
anl4_cfi_flag,Cash Flow From Investing - forecast type (revision/new/...),"{'id': 'analyst4', 'name': 'Analyst Estimate Data for Equity'}","{'id': 'analyst', 'name': 'Analyst'}","{'id': 'analyst-analyst-estimates', 'name': 'Analyst Estimates'}",USA,1,TOP3000,MATRIX,,0.8287,3706,4978,[],75.186
anl4_ptp_number,Pretax Income - number of estimations,"{'id': 'analyst4', 'name': 'Analyst Estimate Data for Equity'}","{'id': 'analyst', 'name': 'Analyst'}","{'id': 'analyst-analyst-estimates', 'name': 'Analyst Estimates'}",USA,1,TOP3000,MATRIX,,0.7327,3910,6343,[],74.751
anl4_cfo_flag,Cash Flow From Operations - forecast type (revision/new/...),"{'id': 'analyst4', 'name': 'Analyst Estimate Data for Equity'}","{'id': 'analyst', 'name': 'Analyst'}","{'id': 'analyst-analyst-estimates', 'name': 'Analyst Estimates'}",USA,1,TOP3000,MATRIX,,0.8269,3523,4665,[],72.971
anl4_totassets_number,Total Assets - number of estimations,"{'id': 'analyst4', 'name': 'Analyst Estimate Data for Equity'}","{'id': 'analyst', 'name': 'Analyst'}","{'id': 'analyst-analyst-estimates', 'name': 'Analyst Estimates'}",USA,1,TOP3000,MATRIX,,0.7213,3708,5869,[],71.801
anl4_ebitda_value,"Earnings before interest, taxes, depreciation and amortization - announced financial value","{'id': 'analyst4', 'name': 'Analyst Estimate Data for Equity'}","{'id': 'analyst', 'name': 'Analyst'}","{'id': 'analyst-analyst-estimates', 'name': 'Analyst Estimates'}",USA,1,TOP3000,MATRIX,1.0,0.8133,2325,14918,[],70.7
actuals_value_currency_code,Pricing Currency where the security trades,"{'id': 'analyst4', 'name': 'Analyst Estimate Data for Equity'}","{'id': 'analyst', 'name': 'Analyst'}","{'id': 'analyst-analyst-estimates', 'name': 'Analyst Estimates'}",USA,1,TOP3000,MATRIX,1.0,1.0,2688,3791,[],70.67099999999999
anl4_fcf_flag,Free cash flow - forecast type (revision/new/...),"{'id': 'analyst4', 'name': 'Analyst Estimate Data for Equity'}","{'id': 'analyst', 'name': 'Analyst'}","{'id': 'analyst-analyst-estimates', 'name': 'Analyst Estimates'}",USA,1,TOP3000,MATRIX,,0.859,2912,4126,[],67.606
anl4_ebitda_flag,"Earnings before interest, taxes, depreciation and amortization - forecast type (revision/new/...)","{'id': 'analyst4', 'name': 'Analyst Estimate Data for Equity'}","{'id': 'analyst', 'name': 'Analyst'}","{'id': 'analyst-analyst-estimates', 'name': 'Analyst Estimates'}",USA,1,TOP3000,MATRIX,,0.8633,2847,4336,[],67.338
anl4_rd_exp_flag,Research and Development Expense - forecast type (revision/new/...),"{'id': 'analyst4', 'name': 'Analyst Estimate Data for Equity'}","{'id': 'analyst', 'name': 'Analyst'}","{'id': 'analyst-analyst-estimates', 'name': 'Analyst Estimates'}",USA,1,TOP3000,MATRIX,,0.9754,2359,4168,[],66.774
min_adjusted_net_income_guidance,Adjusted net income - minimum guidance value,"{'id': 'analyst4', 'name': 'Analyst Estimate Data for Equity'}","{'id': 'analyst', 'name': 'Analyst'}","{'id': 'analyst-analyst-estimates', 'name': 'Analyst Estimates'}",USA,1,TOP3000,MATRIX,1.0,1.0,2331,2885,[],66.195
anl4_ffo_flag,Funds from Operation - forecast type (revision/new/...),"{'id': 'analyst4', 'name': 'Analyst Estimate Data for Equity'}","{'id': 'analyst', 'name': 'Analyst'}","{'id': 'analyst-analyst-estimates', 'name': 'Analyst Estimates'}",USA,1,TOP3000,MATRIX,,1.0,1728,6262,[],63.542
anl4_ptp_high,Pretax income - the highest estimation,"{'id': 'analyst4', 'name': 'Analyst Estimate Data for Equity'}","{'id': 'analyst', 'name': 'Analyst'}","{'id': 'analyst-analyst-estimates', 'name': 'Analyst Estimates'}",USA,1,TOP3000,MATRIX,,0.7327,2808,3373,[],60.760999999999996
anl4_tot_gw_ft,Total Goodwill - forecast type (revision/new/...),"{'id': 'analyst4', 'name': 'Analyst Estimate Data for Equity'}","{'id': 'analyst', 'name': 'Analyst'}","{'id': 'analyst-analyst-estimates', 'name': 'Analyst Estimates'}",USA,1,TOP3000,MATRIX,,0.8515,1932,7311,[],60.691
anl4_fsdtlestmtafv4_item,Financial item,"{'id': 'analyst4', 'name': 'Analyst Estimate Data for Equity'}","{'id': 'analyst', 'name': 'Analyst'}","{'id': 'analyst-analyst-estimates', 'name': 'Analyst Estimates'}",USA,1,TOP3000,VECTOR,1.0,0.7902,2357,4133,[],59.311
anl4_fsdetailltv4v104_item,Financial item,"{'id': 'analyst4', 'name': 'Analyst Estimate Data for Equity'}","{'id': 'analyst', 'name': 'Analyst'}","{'id': 'analyst-analyst-estimates', 'name': 'Analyst Estimates'}",USA,1,TOP3000,VECTOR,,0.7968,2302,3438,[],58.33
anl4_ebit_number,Earnings before interest and taxes - number of estimations,"{'id': 'analyst4', 'name': 'Analyst Estimate Data for Equity'}","{'id': 'analyst', 'name': 'Analyst'}","{'id': 'analyst-analyst-estimates', 'name': 'Analyst Estimates'}",USA,1,TOP3000,MATRIX,,0.7097,2627,3486,[],58.144
anl4_ady_pu,The number of upper estimations,"{'id': 'analyst4', 'name': 'Analyst Estimate Data for Equity'}","{'id': 'analyst', 'name': 'Analyst'}","{'id': 'analyst-analyst-estimates', 'name': 'Analyst Estimates'}",USA,1,TOP3000,VECTOR,,0.7196,2239,5640,[],56.814
sales_estimate_count,Sales - number of estimations,"{'id': 'analyst4', 'name': 'Analyst Estimate Data for Equity'}","{'id': 'analyst', 'name': 'Analyst'}","{'id': 'analyst-analyst-estimates', 'name': 'Analyst Estimates'}",USA,1,TOP3000,MATRIX,1.0,1.0,1407,1846,[],55.916000000000004
anl4_basicconqfv110_pu,The number of upper estimations,"{'id': 'analyst4', 'name': 'Analyst Estimate Data for Equity'}","{'id': 'analyst', 'name': 'Analyst'}","{'id': 'analyst-analyst-estimates', 'name': 'Analyst Estimates'}",USA,1,TOP3000,VECTOR,,0.7262,2228,3775,[],55.103
sales_estimate_count_quarterly,Sales - number of estimations,"{'id': 'analyst4', 'name': 'Analyst Estimate Data for Equity'}","{'id': 'analyst', 'name': 'Analyst'}","{'id': 'analyst-analyst-estimates', 'name': 'Analyst Estimates'}",USA,1,TOP3000,MATRIX,1.0,1.0,1326,1720,[],54.98
anl4_fsactualafv4_item,Financial item,"{'id': 'analyst4', 'name': 'Analyst Estimate Data for Equity'}","{'id': 'analyst', 'name': 'Analyst'}","{'id': 'analyst-analyst-estimates', 'name': 'Analyst Estimates'}",USA,1,TOP3000,VECTOR,1.0,0.7877,2007,2674,[],54.252
anl4_fsdetailrecv4v104_item,Financial item,"{'id': 'analyst4', 'name': 'Analyst Estimate Data for Equity'}","{'id': 'analyst', 'name': 'Analyst'}","{'id': 'analyst-analyst-estimates', 'name': 'Analyst Estimates'}",USA,1,TOP3000,VECTOR,,0.8025,1638,5269,[],53.748999999999995
max_adjusted_net_income_guidance,The maximum guidance value for Adjusted net income.,"{'id': 'analyst4', 'name': 'Analyst Estimate Data for Equity'}","{'id': 'analyst', 'name': 'Analyst'}","{'id': 'analyst-analyst-estimates', 'name': 'Analyst Estimates'}",USA,1,TOP3000,MATRIX,1.0,1.0,1217,1473,[],53.643
anl4_netprofita_number,Adjusted net income - number of estimations,"{'id': 'analyst4', 'name': 'Analyst Estimate Data for Equity'}","{'id': 'analyst', 'name': 'Analyst'}","{'id': 'analyst-analyst-estimates', 'name': 'Analyst Estimates'}",USA,1,TOP3000,MATRIX,,0.7511,1886,2658,[],51.562
anl4_epsr_value,GAAP Earnings per share - announced financial value,"{'id': 'analyst4', 'name': 'Analyst Estimate Data for Equity'}","{'id': 'analyst', 'name': 'Analyst'}","{'id': 'analyst-analyst-estimates', 'name': 'Analyst Estimates'}",USA,1,TOP3000,MATRIX,1.0,0.9904,1004,1843,[],51.499
est_ptp,Pretax income - mean of estimations,"{'id': 'analyst4', 'name': 'Analyst Estimate Data for Equity'}","{'id': 'analyst', 'name': 'Analyst'}","{'id': 'analyst-analyst-estimates', 'name': 'Analyst Estimates'}",USA,1,TOP3000,MATRIX,,0.7527,1835,2863,[],51.321000000000005
anl4_ptp_value,Pretax income- announced financial value,"{'id': 'analyst4', 'name': 'Analyst Estimate Data for Equity'}","{'id': 'analyst', 'name': 'Analyst'}","{'id': 'analyst-analyst-estimates', 'name': 'Analyst Estimates'}",USA,1,TOP3000,MATRIX,1.0,0.9431,1133,1579,[],50.633
anl4_qfv4_eps_number,Earnings per share - number of estimations,"{'id': 'analyst4', 'name': 'Analyst Estimate Data for Equity'}","{'id': 'analyst', 'name': 'Analyst'}","{'id': 'analyst-analyst-estimates', 'name': 'Analyst Estimates'}",USA,1,TOP3000,MATRIX,1.0,1.0,916,1175,[],50.334999999999994
anl4_netprofita_low,Adjusted net income - the lowest estimation,"{'id': 'analyst4', 'name': 'Analyst Estimate Data for Equity'}","{'id': 'analyst', 'name': 'Analyst'}","{'id': 'analyst-analyst-estimates', 'name': 'Analyst Estimates'}",USA,1,TOP3000,MATRIX,,0.7511,1500,4025,[],49.069
anl4_epsr_low,GAAP Earnings per share - The lowest estimation,"{'id': 'analyst4', 'name': 'Analyst Estimate Data for Equity'}","{'id': 'analyst', 'name': 'Analyst'}","{'id': 'analyst-analyst-estimates', 'name': 'Analyst Estimates'}",USA,1,TOP3000,MATRIX,,0.7153,1449,4954,[],48.056000000000004
anl4_fcfps_flag,Free cash flow per share - forecast type (revision/new/...),"{'id': 'analyst4', 'name': 'Analyst Estimate Data for Equity'}","{'id': 'analyst', 'name': 'Analyst'}","{'id': 'analyst-analyst-estimates', 'name': 'Analyst Estimates'}",USA,1,TOP3000,MATRIX,,0.8947,1062,1566,[],47.974000000000004
anl4_ptp_low,Pretax income - the lowest estimation,"{'id': 'analyst4', 'name': 'Analyst Estimate Data for Equity'}","{'id': 'analyst', 'name': 'Analyst'}","{'id': 'analyst-analyst-estimates', 'name': 'Analyst Estimates'}",USA,1,TOP3000,MATRIX,,0.7327,1389,4550,[],47.748
anl4_dez1qfv4_est,Estimation value,"{'id': 'analyst4', 'name': 'Analyst Estimate Data for Equity'}","{'id': 'analyst', 'name': 'Analyst'}","{'id': 'analyst-analyst-estimates', 'name': 'Analyst Estimates'}",USA,1,TOP3000,VECTOR,1.0,0.964,787,975,[],47.405
anl4_afv4_eps_mean,Earnings per share - mean of estimations for annual frequency,"{'id': 'analyst4', 'name': 'Analyst Estimate Data for Equity'}","{'id': 'analyst', 'name': 'Analyst'}","{'id': 'analyst-analyst-estimates', 'name': 'Analyst Estimates'}",USA,1,TOP3000,MATRIX,1.0,1.0,613,1174,[],47.304
earnings_per_share_estimate_count,Earnings per share - number of estimations,"{'id': 'analyst4', 'name': 'Analyst Estimate Data for Equity'}","{'id': 'analyst', 'name': 'Analyst'}","{'id': 'analyst-analyst-estimates', 'name': 'Analyst Estimates'}",USA,1,TOP3000,MATRIX,1.0,1.0,626,767,[],47.027
anl4_netprofit_value,Net profit- announced financial value,"{'id': 'analyst4', 'name': 'Analyst Estimate Data for Equity'}","{'id': 'analyst', 'name': 'Analyst'}","{'id': 'analyst-analyst-estimates', 'name': 'Analyst Estimates'}",USA,1,TOP3000,MATRIX,1.0,1.0,546,1558,[],47.018
anl4_afv4_eps_high,Earnings per share - The highest estimation,"{'id': 'analyst4', 'name': 'Analyst Estimate Data for Equity'}","{'id': 'analyst', 'name': 'Analyst'}","{'id': 'analyst-analyst-estimates', 'name': 'Analyst Estimates'}",USA,1,TOP3000,MATRIX,1.0,1.0,606,904,[],46.964000000000006
est_netprofit,Net profit - mean of estimations,"{'id': 'analyst4', 'name': 'Analyst Estimate Data for Equity'}","{'id': 'analyst', 'name': 'Analyst'}","{'id': 'analyst-analyst-estimates', 'name': 'Analyst Estimates'}",USA,1,TOP3000,MATRIX,,0.7861,1303,2430,[],46.904
anl4_median_epsreported,GAAP Earnings per share - median of estimations,"{'id': 'analyst4', 'name': 'Analyst Estimate Data for Equity'}","{'id': 'analyst', 'name': 'Analyst'}","{'id': 'analyst-analyst-estimates', 'name': 'Analyst Estimates'}",USA,1,TOP3000,MATRIX,,0.7153,1430,3770,[],46.682
anl4_af_eps_value,Earnings Per Share - Actual Value,"{'id': 'analyst4', 'name': 'Analyst Estimate Data for Equity'}","{'id': 'analyst', 'name': 'Analyst'}","{'id': 'analyst-analyst-estimates', 'name': 'Analyst Estimates'}",USA,1,TOP3000,MATRIX,1.0,0.9956,607,754,[],46.647999999999996
reporting_currency_code_9,Home currency of instrument,"{'id': 'analyst4', 'name': 'Analyst Estimate Data for Equity'}","{'id': 'analyst', 'name': 'Analyst'}","{'id': 'analyst-analyst-estimates', 'name': 'Analyst Estimates'}",USA,1,TOP3000,MATRIX,1.0,1.0,545,720,[],46.17
anl4_epsa_flag,Earnings per share adjusted by excluding extraordinary items and stock option expenses - forecast type (revision/new/...),"{'id': 'analyst4', 'name': 'Analyst Estimate Data for Equity'}","{'id': 'analyst', 'name': 'Analyst'}","{'id': 'analyst-analyst-estimates', 'name': 'Analyst Estimates'}",USA,1,TOP3000,MATRIX,,1.0,407,866,[],44.936
anl4_afv4_eps_low,Earnings per share - The lowest estimation for annual frequency,"{'id': 'analyst4', 'name': 'Analyst Estimate Data for Equity'}","{'id': 'analyst', 'name': 'Analyst'}","{'id': 'analyst-analyst-estimates', 'name': 'Analyst Estimates'}",USA,1,TOP3000,MATRIX,1.0,1.0,414,540,[],44.68
actual_eps_value_quarterly,Earnings Per Share (Income Statement/Per Share) (Actual),"{'id': 'analyst4', 'name': 'Analyst Estimate Data for Equity'}","{'id': 'analyst', 'name': 'Analyst'}","{'id': 'analyst-analyst-estimates', 'name': 'Analyst Estimates'}",USA,1,TOP3000,MATRIX,1.0,1.0,396,706,[],44.666000000000004
anl4_afv4_median_eps,Earnings per share - median of estimations,"{'id': 'analyst4', 'name': 'Analyst Estimate Data for Equity'}","{'id': 'analyst', 'name': 'Analyst'}","{'id': 'analyst-analyst-estimates', 'name': 'Analyst Estimates'}",USA,1,TOP3000,MATRIX,1.0,1.0,402,589,[],44.609
anl4_ebit_high,Earnings before interest and taxes - The highest estimation,"{'id': 'analyst4', 'name': 'Analyst Estimate Data for Equity'}","{'id': 'analyst', 'name': 'Analyst'}","{'id': 'analyst-analyst-estimates', 'name': 'Analyst Estimates'}",USA,1,TOP3000,MATRIX,,0.7097,1279,3344,[],44.522
anl4_ebit_low,Earnings before interest and taxes - The lowest estimation,"{'id': 'analyst4', 'name': 'Analyst Estimate Data for Equity'}","{'id': 'analyst', 'name': 'Analyst'}","{'id': 'analyst-analyst-estimates', 'name': 'Analyst Estimates'}",USA,1,TOP3000,MATRIX,,0.7097,1201,3869,[],44.266999999999996
anl4_bac1detailrec_item,Financial item,"{'id': 'analyst4', 'name': 'Analyst Estimate Data for Equity'}","{'id': 'analyst', 'name': 'Analyst'}","{'id': 'analyst-analyst-estimates', 'name': 'Analyst Estimates'}",USA,1,TOP3000,VECTOR,,0.7128,1281,2866,[],44.188
anl4_netprofita_value,Adjusted net income- announced financial value,"{'id': 'analyst4', 'name': 'Analyst Estimate Data for Equity'}","{'id': 'analyst', 'name': 'Analyst'}","{'id': 'analyst-analyst-estimates', 'name': 'Analyst Estimates'}",USA,1,TOP3000,MATRIX,1.0,0.9312,583,921,[],43.999
anl4_basicconafv110_pu,The number of upper estimations,"{'id': 'analyst4', 'name': 'Analyst Estimate Data for Equity'}","{'id': 'analyst', 'name': 'Analyst'}","{'id': 'analyst-analyst-estimates', 'name': 'Analyst Estimates'}",USA,1,TOP3000,VECTOR,,0.7343,1244,2002,[],43.814
anl4_epsr_high,GAAP Earnings per share - The highest estimation,"{'id': 'analyst4', 'name': 'Analyst Estimate Data for Equity'}","{'id': 'analyst', 'name': 'Analyst'}","{'id': 'analyst-analyst-estimates', 'name': 'Analyst Estimates'}",USA,1,TOP3000,MATRIX,,0.7153,1229,2541,[],43.443000000000005
anl4_dez1qfv4_preest,The previous estimation of finanicial item,"{'id': 'analyst4', 'name': 'Analyst Estimate Data for Equity'}","{'id': 'analyst', 'name': 'Analyst'}","{'id': 'analyst-analyst-estimates', 'name': 'Analyst Estimates'}",USA,1,TOP3000,VECTOR,1.0,0.964,419,518,[],43.268
anl4_totassets_low,Total Assets - The lowest estimation,"{'id': 'analyst4', 'name': 'Analyst Estimate Data for Equity'}","{'id': 'analyst', 'name': 'Analyst'}","{'id': 'analyst-analyst-estimates', 'name': 'Analyst Estimates'}",USA,1,TOP3000,MATRIX,,0.7213,1191,2281,[],43.043000000000006
est_sales,Sales - mean of estimations,"{'id': 'analyst4', 'name': 'Analyst Estimate Data for Equity'}","{'id': 'analyst', 'name': 'Analyst'}","{'id': 'analyst-analyst-estimates', 'name': 'Analyst Estimates'}",USA,1,TOP3000,MATRIX,,0.7458,1031,2749,[],42.891000000000005
anl4_basicconltv110_numest,The number of forecasts counted in aggregation,"{'id': 'analyst4', 'name': 'Analyst Estimate Data for Equity'}","{'id': 'analyst', 'name': 'Analyst'}","{'id': 'analyst-analyst-estimates', 'name': 'Analyst Estimates'}",USA,1,TOP3000,VECTOR,,0.7004,1301,1698,[],42.724000000000004
anl4_basicconqfv110_mean,Mean of estimations,"{'id': 'analyst4', 'name': 'Analyst Estimate Data for Equity'}","{'id': 'analyst', 'name': 'Analyst'}","{'id': 'analyst-analyst-estimates', 'name': 'Analyst Estimates'}",USA,1,TOP3000,VECTOR,,0.7262,1206,1297,[],42.405
anl4_basicconqfv110_down,Number of lower estimations,"{'id': 'analyst4', 'name': 'Analyst Estimate Data for Equity'}","{'id': 'analyst', 'name': 'Analyst'}","{'id': 'analyst-analyst-estimates', 'name': 'Analyst Estimates'}",USA,1,TOP3000,VECTOR,,0.7262,1169,1288,[],42.025999999999996
anl4_basicconqfv110_numest,The number of forecasts counted in aggregation,"{'id': 'analyst4', 'name': 'Analyst Estimate Data for Equity'}","{'id': 'analyst', 'name': 'Analyst'}","{'id': 'analyst-analyst-estimates', 'name': 'Analyst Estimates'}",USA,1,TOP3000,VECTOR,,0.7262,1141,1458,[],41.916
est_epsr,GAAP Earnings per share - mean of estimations,"{'id': 'analyst4', 'name': 'Analyst Estimate Data for Equity'}","{'id': 'analyst', 'name': 'Analyst'}","{'id': 'analyst-analyst-estimates', 'name': 'Analyst Estimates'}",USA,1,TOP3000,MATRIX,,0.7405,917,2792,[],41.582
anl4_fsdtlestmtbscv104_item,Financial item,"{'id': 'analyst4', 'name': 'Analyst Estimate Data for Equity'}","{'id': 'analyst', 'name': 'Analyst'}","{'id': 'analyst-analyst-estimates', 'name': 'Analyst Estimates'}",USA,1,TOP3000,VECTOR,,0.8087,804,904,[],41.292
anl4_netprofit_low,Net Profit - The Lowest Estimation,"{'id': 'analyst4', 'name': 'Analyst Estimate Data for Equity'}","{'id': 'analyst', 'name': 'Analyst'}","{'id': 'analyst-analyst-estimates', 'name': 'Analyst Estimates'}",USA,1,TOP3000,MATRIX,,0.7667,886,1458,[],40.986000000000004
est_netprofit_adj,Adjusted net income - Mean of estimations,"{'id': 'analyst4', 'name': 'Analyst Estimate Data for Equity'}","{'id': 'analyst', 'name': 'Analyst'}","{'id': 'analyst-analyst-estimates', 'name': 'Analyst Estimates'}",USA,1,TOP3000,MATRIX,,0.7731,838,1479,[],40.783
anl4_netprofita_mean,Adjusted net income - mean of estimations,"{'id': 'analyst4', 'name': 'Analyst Estimate Data for Equity'}","{'id': 'analyst', 'name': 'Analyst'}","{'id': 'analyst-analyst-estimates', 'name': 'Analyst Estimates'}",USA,1,TOP3000,MATRIX,,0.7511,927,1414,[],40.728
anl4_ebit_median,Earnings before interest and taxes - median of estimations,"{'id': 'analyst4', 'name': 'Analyst Estimate Data for Equity'}","{'id': 'analyst', 'name': 'Analyst'}","{'id': 'analyst-analyst-estimates', 'name': 'Analyst Estimates'}",USA,1,TOP3000,MATRIX,,0.7097,990,1940,[],40.228
anl4_netprofit_median,Net profit - Median of estimations,"{'id': 'analyst4', 'name': 'Analyst Estimate Data for Equity'}","{'id': 'analyst', 'name': 'Analyst'}","{'id': 'analyst-analyst-estimates', 'name': 'Analyst Estimates'}",USA,1,TOP3000,MATRIX,,0.7667,791,1122,[],39.7
fn_accum_oth_income_loss_net_of_tax_a,"Accumulated change in equity from transactions and other events and circumstances from non-owner sources, net of tax effect, at period end. Excludes Net Income (Loss), and accumulated changes in equity from transactions resulting from investments by owners and distributions to owners. Includes foreign currency translation items, certain pension adjustments, unrealized gains and losses on certain investments in debt and equity securities, other than temporary impairment (OTTI) losses related to factors other than credit losses on available-for-sale and held-to-maturity debt securities that an entity does not intend to sell and it is not more likely than not that the entity will be required to sell before recovery of the amortized cost basis, as well as changes in the fair value of derivatives related to the effective portion of a designated cash flow hedge.","{'id': 'fundamental2', 'name': 'Report Footnotes'}","{'id': 'fundamental', 'name': 'Fundamental'}","{'id': 'fundamental-footnotes', 'name': 'Footnotes'}",USA,1,TOP3000,MATRIX,,0.6936,981,1900,[],39.454
fn_op_lease_rent_exp_a,"Rental expense for the reporting period incurred under operating leases, including minimum and any contingent rent expense, net of related sublease income.","{'id': 'fundamental2', 'name': 'Report Footnotes'}","{'id': 'fundamental', 'name': 'Fundamental'}","{'id': 'fundamental-footnotes', 'name': 'Footnotes'}",USA,1,TOP3000,MATRIX,,0.6377,1126,2424,[],39.192
anl4_detailrecv4v104_est,Estimation value,"{'id': 'analyst4', 'name': 'Analyst Estimate Data for Equity'}","{'id': 'analyst', 'name': 'Analyst'}","{'id': 'analyst-analyst-estimates', 'name': 'Analyst Estimates'}",USA,1,TOP3000,VECTOR,,0.7885,659,994,[],39.123999999999995
anl4_qf_az_eps_mean,Earnings per share - mean of estimations,"{'id': 'analyst4', 'name': 'Analyst Estimate Data for Equity'}","{'id': 'analyst', 'name': 'Analyst'}","{'id': 'analyst-analyst-estimates', 'name': 'Analyst Estimates'}",USA,1,TOP3000,MATRIX,,0.7848,644,1110,[],38.942
anl4_netprofita_high,Adjusted Net Income - the highest estimation,"{'id': 'analyst4', 'name': 'Analyst Estimate Data for Equity'}","{'id': 'analyst', 'name': 'Analyst'}","{'id': 'analyst-analyst-estimates', 'name': 'Analyst Estimates'}",USA,1,TOP3000,MATRIX,,0.7511,728,1036,[],38.36
anl4_basicconltv110_pu,The number of upper estimations,"{'id': 'analyst4', 'name': 'Analyst Estimate Data for Equity'}","{'id': 'analyst', 'name': 'Analyst'}","{'id': 'analyst-analyst-estimates', 'name': 'Analyst Estimates'}",USA,1,TOP3000,VECTOR,,0.7004,910,1243,[],38.359
est_tot_assets,Total Assets - mean of estimations,"{'id': 'analyst4', 'name': 'Analyst Estimate Data for Equity'}","{'id': 'analyst', 'name': 'Analyst'}","{'id': 'analyst-analyst-estimates', 'name': 'Analyst Estimates'}",USA,1,TOP3000,MATRIX,,0.7522,674,1319,[],38.147
anl4_dez1basicqfv4v104_est,Estimation value,"{'id': 'analyst4', 'name': 'Analyst Estimate Data for Equity'}","{'id': 'analyst', 'name': 'Analyst'}","{'id': 'analyst-analyst-estimates', 'name': 'Analyst Estimates'}",USA,1,TOP3000,VECTOR,,0.7891,563,679,[],37.873000000000005
anl4_fsdtlestmtbscqv104_item,Financial item,"{'id': 'analyst4', 'name': 'Analyst Estimate Data for Equity'}","{'id': 'analyst', 'name': 'Analyst'}","{'id': 'analyst-analyst-estimates', 'name': 'Analyst Estimates'}",USA,1,TOP3000,VECTOR,,0.7904,465,1101,[],37.367
anl4_ady_numest,The number of forecasts counted in aggregation,"{'id': 'analyst4', 'name': 'Analyst Estimate Data for Equity'}","{'id': 'analyst', 'name': 'Analyst'}","{'id': 'analyst-analyst-estimates', 'name': 'Analyst Estimates'}",USA,1,TOP3000,VECTOR,,0.7196,748,999,[],37.263
est_shequity,Mean of SH Equity segment - mean of estimations,"{'id': 'analyst4', 'name': 'Analyst Estimate Data for Equity'}","{'id': 'analyst', 'name': 'Analyst'}","{'id': 'analyst-analyst-estimates', 'name': 'Analyst Estimates'}",USA,1,TOP3000,MATRIX,,0.7598,557,1208,[],37.17
anl4_qfv4_dts_spe,Earnings per share - standard deviation of estimations,"{'id': 'analyst4', 'name': 'Analyst Estimate Data for Equity'}","{'id': 'analyst', 'name': 'Analyst'}","{'id': 'analyst-analyst-estimates', 'name': 'Analyst Estimates'}",USA,1,TOP3000,MATRIX,1.0,0.7237,694,983,[],36.871
anl4_netprofit_mean,Net profit - mean of estimations,"{'id': 'analyst4', 'name': 'Analyst Estimate Data for Equity'}","{'id': 'analyst', 'name': 'Analyst'}","{'id': 'analyst-analyst-estimates', 'name': 'Analyst Estimates'}",USA,1,TOP3000,MATRIX,,0.7667,524,730,[],36.638000000000005
anl4_netprofita_median,Adjusted net income - median of estimations,"{'id': 'analyst4', 'name': 'Analyst Estimate Data for Equity'}","{'id': 'analyst', 'name': 'Analyst'}","{'id': 'analyst-analyst-estimates', 'name': 'Analyst Estimates'}",USA,1,TOP3000,MATRIX,,0.7511,575,741,[],36.535
fn_comp_not_rec_a,Unrecognized cost of unvested share-based compensation awards.,"{'id': 'fundamental2', 'name': 'Report Footnotes'}","{'id': 'fundamental', 'name': 'Fundamental'}","{'id': 'fundamental-footnotes', 'name': 'Footnotes'}",USA,1,TOP3000,MATRIX,,0.6526,824,1404,[],35.748
anl4_qfd1_az_hgih_spe,Earnings per share - The highest estimation,"{'id': 'analyst4', 'name': 'Analyst Estimate Data for Equity'}","{'id': 'analyst', 'name': 'Analyst'}","{'id': 'analyst-analyst-estimates', 'name': 'Analyst Estimates'}",USA,1,TOP3000,MATRIX,,0.7848,348,719,[],35.591
est_ebit,Earnings before interest and taxes - mean of estimations,"{'id': 'analyst4', 'name': 'Analyst Estimate Data for Equity'}","{'id': 'analyst', 'name': 'Analyst'}","{'id': 'analyst-analyst-estimates', 'name': 'Analyst Estimates'}",USA,1,TOP3000,MATRIX,,0.7309,418,2124,[],35.54
anl4_basicconafv110_numest,The number of forecasts counted in aggregation,"{'id': 'analyst4', 'name': 'Analyst Estimate Data for Equity'}","{'id': 'analyst', 'name': 'Analyst'}","{'id': 'analyst-analyst-estimates', 'name': 'Analyst Estimates'}",USA,1,TOP3000,VECTOR,,0.7343,545,696,[],35.518
anl4_qf_az_hgih_spe,Earnings per share - The highest estimation,"{'id': 'analyst4', 'name': 'Analyst Estimate Data for Equity'}","{'id': 'analyst', 'name': 'Analyst'}","{'id': 'analyst-analyst-estimates', 'name': 'Analyst Estimates'}",USA,1,TOP3000,MATRIX,,0.7848,340,578,[],35.370000000000005
anl4_qf_az_eps,"EPS - aggregation on estimations, 50th percentile","{'id': 'analyst4', 'name': 'Analyst Estimate Data for Equity'}","{'id': 'analyst', 'name': 'Analyst'}","{'id': 'analyst-analyst-estimates', 'name': 'Analyst Estimates'}",USA,1,TOP3000,MATRIX,,0.7848,322,554,[],35.166000000000004
anl4_epsr_mean,GAAP Earnings per share - mean of estimations,"{'id': 'analyst4', 'name': 'Analyst Estimate Data for Equity'}","{'id': 'analyst', 'name': 'Analyst'}","{'id': 'analyst-analyst-estimates', 'name': 'Analyst Estimates'}",USA,1,TOP3000,MATRIX,,0.7153,544,1111,[],35.163000000000004
anl4_bac1detailafv110_item,Financial item,"{'id': 'analyst4', 'name': 'Analyst Estimate Data for Equity'}","{'id': 'analyst', 'name': 'Analyst'}","{'id': 'analyst-analyst-estimates', 'name': 'Analyst Estimates'}",USA,1,TOP3000,VECTOR,,0.7154,564,655,[],34.911
anl4_netprofit_high,Net Profit - The highest estimation,"{'id': 'analyst4', 'name': 'Analyst Estimate Data for Equity'}","{'id': 'analyst', 'name': 'Analyst'}","{'id': 'analyst-analyst-estimates', 'name': 'Analyst Estimates'}",USA,1,TOP3000,MATRIX,,0.7667,366,569,[],34.897000000000006
anl4_qf_az_wol_spe,Earnings per share - The lowest estimation,"{'id': 'analyst4', 'name': 'Analyst Estimate Data for Equity'}","{'id': 'analyst', 'name': 'Analyst'}","{'id': 'analyst-analyst-estimates', 'name': 'Analyst Estimates'}",USA,1,TOP3000,MATRIX,,0.7848,275,504,[],34.646
anl4_baz1v110_person,Broker Id,"{'id': 'analyst4', 'name': 'Analyst Estimate Data for Equity'}","{'id': 'analyst', 'name': 'Analyst'}","{'id': 'analyst-analyst-estimates', 'name': 'Analyst Estimates'}",USA,1,TOP3000,VECTOR,,0.7154,534,633,[],34.589
earnings_per_share_standard_deviation,Earnings per share - standard deviation of estimations,"{'id': 'analyst4', 'name': 'Analyst Estimate Data for Equity'}","{'id': 'analyst', 'name': 'Analyst'}","{'id': 'analyst-analyst-estimates', 'name': 'Analyst Estimates'}",USA,1,TOP3000,MATRIX,1.0,0.7237,485,613,[],34.411
fn_comp_options_grants_a,Net number of share options (or share units) granted during the period.,"{'id': 'fundamental2', 'name': 'Report Footnotes'}","{'id': 'fundamental', 'name': 'Fundamental'}","{'id': 'fundamental-footnotes', 'name': 'Footnotes'}",USA,1,TOP3000,MATRIX,,0.6394,742,1386,[],34.382
anl4_ptp_mean,Pretax income - mean of estimations,"{'id': 'analyst4', 'name': 'Analyst Estimate Data for Equity'}","{'id': 'analyst', 'name': 'Analyst'}","{'id': 'analyst-analyst-estimates', 'name': 'Analyst Estimates'}",USA,1,TOP3000,MATRIX,,0.7327,424,781,[],34.329
anl4_ptp_median,Pretax income - median of estimations,"{'id': 'analyst4', 'name': 'Analyst Estimate Data for Equity'}","{'id': 'analyst', 'name': 'Analyst'}","{'id': 'analyst-analyst-estimates', 'name': 'Analyst Estimates'}",USA,1,TOP3000,MATRIX,,0.7327,418,722,[],34.21
fn_op_lease_min_pay_due_a,Amount of required minimum rental payments for leases having an initial or remaining non-cancelable letter-terms in excess of 1 year.,"{'id': 'fundamental2', 'name': 'Report Footnotes'}","{'id': 'fundamental', 'name': 'Fundamental'}","{'id': 'fundamental-footnotes', 'name': 'Footnotes'}",USA,1,TOP3000,MATRIX,,0.6027,856,1496,[],34.164
fnd2_oprlsfmpdcurr,"Amount of required minimum rental payments for operating leases having an initial or remaining non-cancelable lease term in excess of 1 year due in the next fiscal year following the latest fiscal year. Excludes interim and annual periods when interim periods are reported on a rolling approach, from latest balance sheet date.","{'id': 'fundamental2', 'name': 'Report Footnotes'}","{'id': 'fundamental', 'name': 'Fundamental'}","{'id': 'fundamental-footnotes', 'name': 'Footnotes'}",USA,1,TOP3000,MATRIX,,0.6378,726,1277,[],34.049
anl4_totassets_high,Total Assets - The highest estimation,"{'id': 'analyst4', 'name': 'Analyst Estimate Data for Equity'}","{'id': 'analyst', 'name': 'Analyst'}","{'id': 'analyst-analyst-estimates', 'name': 'Analyst Estimates'}",USA,1,TOP3000,MATRIX,,0.7213,407,704,[],33.626000000000005
sales_estimate_stddev_quarterly,Standard deviation of Sales estimations,"{'id': 'analyst4', 'name': 'Analyst Estimate Data for Equity'}","{'id': 'analyst', 'name': 'Analyst'}","{'id': 'analyst-analyst-estimates', 'name': 'Analyst Estimates'}",USA,1,TOP3000,MATRIX,1.0,0.7259,377,640,[],33.446000000000005
fn_entity_common_stock_shares_out_a,"Indicate number of shares or other units outstanding of each of registrant's classes of capital or common stock or other ownership interests, if and as stated on cover of related periodic report. Where multiple classes or units exist define each class/interest by adding class of stock items such as Common Class A [Member], Common Class B [Member] or Partnership Interest [Member] onto the Instrument [Domain] of the Entity Listings, Instrument.","{'id': 'fundamental2', 'name': 'Report Footnotes'}","{'id': 'fundamental', 'name': 'Fundamental'}","{'id': 'fundamental-footnotes', 'name': 'Footnotes'}",USA,1,TOP3000,MATRIX,,0.7161,406,696,[],33.4
sales_estimate_standard_deviation,Sales - standard deviation of estimations,"{'id': 'analyst4', 'name': 'Analyst Estimate Data for Equity'}","{'id': 'analyst', 'name': 'Analyst'}","{'id': 'analyst-analyst-estimates', 'name': 'Analyst Estimates'}",USA,1,TOP3000,MATRIX,1.0,0.7259,357,543,[],33.149
fn_def_tax_assets_liab_net_a,"Amount, after allocation of valuation allowances and deferred tax liability, of deferred tax asset attributable to deductible differences and carryforwards, without jurisdictional netting.","{'id': 'fundamental2', 'name': 'Report Footnotes'}","{'id': 'fundamental', 'name': 'Fundamental'}","{'id': 'fundamental-footnotes', 'name': 'Footnotes'}",USA,1,TOP3000,MATRIX,,0.7058,368,1181,[],33.093
anl4_ebit_mean,Earnings before interest and taxes - mean of estimations,"{'id': 'analyst4', 'name': 'Analyst Estimate Data for Equity'}","{'id': 'analyst', 'name': 'Analyst'}","{'id': 'analyst-analyst-estimates', 'name': 'Analyst Estimates'}",USA,1,TOP3000,MATRIX,,0.7097,366,699,[],32.747
fn_comp_options_exercises_weighted_avg_a,"Share-Based Compensation, Options Assumed, Weighted Average Exercise Price","{'id': 'fundamental2', 'name': 'Report Footnotes'}","{'id': 'fundamental', 'name': 'Fundamental'}","{'id': 'fundamental-footnotes', 'name': 'Footnotes'}",USA,1,TOP3000,MATRIX,,0.6187,687,1050,[],32.668
anl4_totassets_mean,Total Assets - mean of estimations,"{'id': 'analyst4', 'name': 'Analyst Estimate Data for Equity'}","{'id': 'analyst', 'name': 'Analyst'}","{'id': 'analyst-analyst-estimates', 'name': 'Analyst Estimates'}",USA,1,TOP3000,MATRIX,,0.7213,321,521,[],32.583000000000006
fn_allocated_share_based_compensation_expense_a,"Represents the expense recognized during the period arising from equity-based compensation arrangements (for example, shares of stock, unit, stock options or other equity instruments) with employees, directors and certain consultants qualifying for treatment as employees.","{'id': 'fundamental2', 'name': 'Report Footnotes'}","{'id': 'fundamental', 'name': 'Fundamental'}","{'id': 'fundamental-footnotes', 'name': 'Footnotes'}",USA,1,TOP3000,MATRIX,,0.6739,466,948,[],32.56400000000001
anl4_basicdetailrec_ratingvalue,Score on the given instrument,"{'id': 'analyst4', 'name': 'Analyst Estimate Data for Equity'}","{'id': 'analyst', 'name': 'Analyst'}","{'id': 'analyst-analyst-estimates', 'name': 'Analyst Estimates'}",USA,1,TOP3000,VECTOR,,0.7104,319,530,[],32.136
fn_income_tax_expense_a,Income Tax Expense (Benefit),"{'id': 'fundamental2', 'name': 'Report Footnotes'}","{'id': 'fundamental', 'name': 'Fundamental'}","{'id': 'fundamental-footnotes', 'name': 'Footnotes'}",USA,1,TOP3000,MATRIX,,0.6933,304,905,[],31.677
fn_comp_options_out_weighted_avg_a,Weighted average price at which grantees can acquire the shares reserved for issuance under the stock option plan.,"{'id': 'fundamental2', 'name': 'Report Footnotes'}","{'id': 'fundamental', 'name': 'Fundamental'}","{'id': 'fundamental-footnotes', 'name': 'Footnotes'}",USA,1,TOP3000,MATRIX,,0.6533,475,669,[],31.551
fn_allocated_share_based_compensation_expense_q,"Represents the expense recognized during the period arising from equity-based compensation arrangements (for example, shares of stock, units, stock options, or other equity instruments) with employees, directors, and certain consultants qualifying for treatment as employees.","{'id': 'fundamental2', 'name': 'Report Footnotes'}","{'id': 'fundamental', 'name': 'Fundamental'}","{'id': 'fundamental-footnotes', 'name': 'Footnotes'}",USA,1,TOP3000,MATRIX,,0.6541,402,1152,[],31.336000000000002
fn_op_lease_min_pay_due_in_2y_a,"Amount of required minimum rental payments for operating leases having an initial or remaining non-cancelable lease term in excess of 1 year due in the 2nd fiscal year following the latest fiscal year. Excludes interim and annual periods when interim periods are reported on a rolling approach, from latest balance sheet date.","{'id': 'fundamental2', 'name': 'Report Footnotes'}","{'id': 'fundamental', 'name': 'Fundamental'}","{'id': 'fundamental-footnotes', 'name': 'Footnotes'}",USA,1,TOP3000,MATRIX,,0.6419,476,812,[],31.248000000000005
fn_income_tax_expense_q,Income Tax Expense (Benefit),"{'id': 'fundamental2', 'name': 'Report Footnotes'}","{'id': 'fundamental', 'name': 'Fundamental'}","{'id': 'fundamental-footnotes', 'name': 'Footnotes'}",USA,1,TOP3000,MATRIX,,0.6969,220,578,[],30.653999999999996
fn_entity_common_stock_shares_out_q,"Indicate number of shares or other units outstanding of each of registrant's classes of capital or common stock or other ownership interests, if and as stated on cover of related periodic report. Where multiple classes or units exist define each class/interest by adding class of stock items such as Common Class A [Member], Common Class B [Member] or Partnership Interest [Member] onto the Instrument [Domain] of the Entity Listings, Instrument.","{'id': 'fundamental2', 'name': 'Report Footnotes'}","{'id': 'fundamental', 'name': 'Fundamental'}","{'id': 'fundamental-footnotes', 'name': 'Footnotes'}",USA,1,TOP3000,MATRIX,,0.6857,245,602,[],30.479999999999997
fn_accum_oth_income_loss_net_of_tax_q,"Accumulated change in equity from transactions and other events and circumstances from non-owner sources, net of tax effect, at period end. Excludes Net Income (Loss), and accumulated changes in equity from transactions resulting from investments by owners and distributions to owners. Includes foreign currency translation items, certain pension adjustments, unrealized gains and losses on certain investments in debt and equity securities, other than temporary impairment (OTTI) losses related to factors other than credit losses on available-for-sale and held-to-maturity debt securities that an entity does not intend to sell and it is not more likely than not that the entity will be required to sell before recovery of the amortized cost basis, as well as changes in the fair value of derivatives related to the effective portion of a designated cash flow hedge.","{'id': 'fundamental2', 'name': 'Report Footnotes'}","{'id': 'fundamental', 'name': 'Fundamental'}","{'id': 'fundamental-footnotes', 'name': 'Footnotes'}",USA,1,TOP3000,MATRIX,,0.6597,317,780,[],30.338
fn_def_tax_assets_net_a,Deferred Tax Assets Net Of Valuation Allowance,"{'id': 'fundamental2', 'name': 'Report Footnotes'}","{'id': 'fundamental', 'name': 'Fundamental'}","{'id': 'fundamental-footnotes', 'name': 'Footnotes'}",USA,1,TOP3000,MATRIX,,0.6764,243,653,[],30.139
fn_comp_non_opt_nonvested_number_a,"The number of non-vested equity-based payment instruments, excluding stock (or unit) options, that validly exist and are outstanding as of the balance sheet date.","{'id': 'fundamental2', 'name': 'Report Footnotes'}","{'id': 'fundamental', 'name': 'Fundamental'}","{'id': 'fundamental-footnotes', 'name': 'Footnotes'}",USA,1,TOP3000,MATRIX,,0.6201,450,725,[],30.029
fn_comp_non_opt_grants_a,"The number of grants made during the period on other than stock (or unit) option plans (for example, phantom stock or unit plan, stock or unit appreciation rights plan, performance target plan).","{'id': 'fundamental2', 'name': 'Report Footnotes'}","{'id': 'fundamental', 'name': 'Fundamental'}","{'id': 'fundamental-footnotes', 'name': 'Footnotes'}",USA,1,TOP3000,MATRIX,,0.6128,390,901,[],29.313
fn_interest_paid_net_a,Net interest,"{'id': 'fundamental2', 'name': 'Report Footnotes'}","{'id': 'fundamental', 'name': 'Fundamental'}","{'id': 'fundamental-footnotes', 'name': 'Footnotes'}",USA,1,TOP3000,MATRIX,,0.6494,261,589,[],29.174999999999997
fn_op_lease_min_pay_due_in_3y_a,"Amount of required minimum rental payments for operating leases having an initial or remaining non-cancelable lease term in excess of one year due in the 3rd fiscal year following the latest fiscal year. Excludes interim and annual periods when interim periods are reported on a rolling approach, from latest balance sheet date.","{'id': 'fundamental2', 'name': 'Report Footnotes'}","{'id': 'fundamental', 'name': 'Fundamental'}","{'id': 'fundamental-footnotes', 'name': 'Footnotes'}",USA,1,TOP3000,MATRIX,,0.6422,285,617,[],29.155
fn_accum_depr_depletion_and_amortization_ppne_a,"Amount of accumulated depreciation, depletion and amortization for physical assets used in the normal conduct of business to produce goods and services.","{'id': 'fundamental2', 'name': 'Report Footnotes'}","{'id': 'fundamental', 'name': 'Fundamental'}","{'id': 'fundamental-footnotes', 'name': 'Footnotes'}",USA,1,TOP3000,MATRIX,,0.6261,308,708,[],28.832
fn_def_tax_liab_a,"Amount, after deferred tax asset, of deferred tax liability attributable to taxable differences without jurisdictional netting.","{'id': 'fundamental2', 'name': 'Report Footnotes'}","{'id': 'fundamental', 'name': 'Fundamental'}","{'id': 'fundamental-footnotes', 'name': 'Footnotes'}",USA,1,TOP3000,MATRIX,,0.6465,232,488,[],28.668
fn_op_lease_min_pay_due_in_5y_a,"Amount of required minimum rental payments for operating leases having an initial or remaining non-cancelable lease term in excess of 1 year due in the 5th fiscal year following the latest fiscal year. Excludes interim and annual periods when interim periods are reported on a rolling approach, from latest balance sheet date.","{'id': 'fundamental2', 'name': 'Report Footnotes'}","{'id': 'fundamental', 'name': 'Fundamental'}","{'id': 'fundamental-footnotes', 'name': 'Footnotes'}",USA,1,TOP3000,MATRIX,,0.617,321,588,[],28.478
fn_comp_non_opt_vested_a,"The number of equity-based payment instruments, excluding stock (or unit) options, that vested during the reporting period.","{'id': 'fundamental2', 'name': 'Report Footnotes'}","{'id': 'fundamental', 'name': 'Fundamental'}","{'id': 'fundamental-footnotes', 'name': 'Footnotes'}",USA,1,TOP3000,MATRIX,,0.6077,336,585,[],28.253
fn_antidilutive_securities_excl_from_eps_a,Securities (including those issuable pursuant to contingent stock agreements) that could potentially dilute basic earnings per share (EPS) or earnings per unit (EPU) in the future that were not included in the computation of diluted EPS or EPU because to do so would increase EPS or EPU amounts or decrease loss per share or unit amounts for the period presented.,"{'id': 'fundamental2', 'name': 'Report Footnotes'}","{'id': 'fundamental', 'name': 'Fundamental'}","{'id': 'fundamental-footnotes', 'name': 'Footnotes'}",USA,1,TOP3000,MATRIX,,0.6007,325,892,[],28.169999999999998
fn_def_income_tax_expense_a,"Income Tax Expense, Deferred","{'id': 'fundamental2', 'name': 'Report Footnotes'}","{'id': 'fundamental', 'name': 'Fundamental'}","{'id': 'fundamental-footnotes', 'name': 'Footnotes'}",USA,1,TOP3000,MATRIX,,0.6422,189,429,[],28.006999999999998
fn_income_taxes_paid_a,"The amount of cash paid during the current period to foreign, federal, state, and local authorities as taxes on income.","{'id': 'fundamental2', 'name': 'Report Footnotes'}","{'id': 'fundamental', 'name': 'Fundamental'}","{'id': 'fundamental-footnotes', 'name': 'Footnotes'}",USA,1,TOP3000,MATRIX,,0.6427,185,362,[],27.92
exercisable_options_avg_exercise_price_2,Weighted average exercise price of exercisable share-based payment options.,"{'id': 'fundamental2', 'name': 'Report Footnotes'}","{'id': 'fundamental', 'name': 'Fundamental'}","{'id': 'fundamental-footnotes', 'name': 'Footnotes'}",USA,1,TOP3000,MATRIX,1.0,0.6844,49,50,[],27.916
fn_new_shares_options_a,Number of share options (or share units) exercised during the current period.,"{'id': 'fundamental2', 'name': 'Report Footnotes'}","{'id': 'fundamental', 'name': 'Fundamental'}","{'id': 'fundamental-footnotes', 'name': 'Footnotes'}",USA,1,TOP3000,MATRIX,,0.6306,180,753,[],27.777000000000005
fn_comp_options_out_number_a,"Number of options outstanding, including both vested and non-vested options.","{'id': 'fundamental2', 'name': 'Report Footnotes'}","{'id': 'fundamental', 'name': 'Fundamental'}","{'id': 'fundamental-footnotes', 'name': 'Footnotes'}",USA,1,TOP3000,MATRIX,,0.6182,237,576,[],27.674
fn_op_lease_min_pay_due_in_4y_a,"Amount of required minimum rental payments for operating leases having an initial or remaining non-cancelable lease term in excess of 1 year due in the 4th fiscal year following the latest fiscal year. Excludes interim and annual periods when interim periods are reported on a rolling approach, from latest balance sheet date.","{'id': 'fundamental2', 'name': 'Report Footnotes'}","{'id': 'fundamental', 'name': 'Fundamental'}","{'id': 'fundamental-footnotes', 'name': 'Footnotes'}",USA,1,TOP3000,MATRIX,,0.6317,201,333,[],27.611
fn_op_lease_min_pay_due_after_5y_a,"Amount of required minimum rental payments for operating leases having an initial or remaining non-cancelable lease term in excess of one year due after the 5th fiscal year following the latest fiscal year. Excludes interim and annual periods when interim periods are reported on a rolling approach, from latest balance sheet date.","{'id': 'fundamental2', 'name': 'Report Footnotes'}","{'id': 'fundamental', 'name': 'Fundamental'}","{'id': 'fundamental-footnotes', 'name': 'Footnotes'}",USA,1,TOP3000,MATRIX,,0.6011,292,495,[],27.458999999999996
fnd2_dfdtxasoprlcarryfwd,Amount before allocation of valuation allowances of deferred tax asset attributable to deductible operating loss carryforwards.,"{'id': 'fundamental2', 'name': 'Report Footnotes'}","{'id': 'fundamental', 'name': 'Fundamental'}","{'id': 'fundamental-footnotes', 'name': 'Footnotes'}",USA,1,TOP3000,MATRIX,,0.6232,188,553,[],27.360999999999997
fnd2_a_curritxexp,"Income Tax Expense, Current","{'id': 'fundamental2', 'name': 'Report Footnotes'}","{'id': 'fundamental', 'name': 'Fundamental'}","{'id': 'fundamental-footnotes', 'name': 'Footnotes'}",USA,1,TOP3000,MATRIX,,0.6229,188,552,[],27.348
fn_comprehensive_income_net_of_tax_a,"Amount after tax of increase (decrease) in equity from transactions and other events and circumstances from net income and other comprehensive income, attributable to parent entity. Excludes changes in equity resulting from investments by owners and distributions to owners.","{'id': 'fundamental2', 'name': 'Report Footnotes'}","{'id': 'fundamental', 'name': 'Fundamental'}","{'id': 'fundamental-footnotes', 'name': 'Footnotes'}",USA,1,TOP3000,MATRIX,,0.6078,210,578,[],26.990000000000002
fn_repayments_of_debt_a,The cash outflow during the period from the repayment of aggregate short-term and long-term debt. Excludes payment of capital lease obligations.,"{'id': 'fundamental2', 'name': 'Report Footnotes'}","{'id': 'fundamental', 'name': 'Fundamental'}","{'id': 'fundamental-footnotes', 'name': 'Footnotes'}",USA,1,TOP3000,MATRIX,,0.6307,138,298,[],26.906
fn_comprehensive_income_net_of_tax_q,"Amount after tax of increase (decrease) in equity from transactions and other events and circumstances from net income and other comprehensive income, attributable to parent entity. Excludes changes in equity resulting from investments by owners and distributions to owners.","{'id': 'fundamental2', 'name': 'Report Footnotes'}","{'id': 'fundamental', 'name': 'Fundamental'}","{'id': 'fundamental-footnotes', 'name': 'Footnotes'}",USA,1,TOP3000,MATRIX,,0.6019,107,288,[],25.434
