dataset,field_id,type,description,coverage,alphaCount,userCount,score
pv1,close,MATRIX,Daily close price,1.0,602986,57208,287.8688417042871
pv1,cap,MATRIX,Daily market capitalization (in millions),1.0,426116,35742,282.0452409780711
pv1,returns,MATRIX,Daily returns,1.0,388918,38536,281.5081342356473
pv1,volume,MATRIX,Daily volume,1.0,359894,40025,280.9220986219142
pv1,sector,GROUP,Sector grouping,1.0,387841,28314,279.9392680844937
pv1,subindustry,GROUP,Subindustry grouping,1.0,324715,35081,279.2342796183377
pv1,industry,GROUP,Industry grouping,1.0,276675,31873,277.15375380185213
pv1,market,GROUP,Market grouping,1.0,162658,20403,269.61154383430335
pv1,adv20,MATRIX,Average daily volume in past 20 days,1.0,109445,19760,265.48919344569373
pv1,vwap,MATRIX,Daily volume weighted average price,1.0,72805,20441,261.58227091815564
pv1,high,MATRIX,Daily high price,1.0,60783,15635,258.4374748888383
pv1,open,MATRIX,Daily open price,1.0,59107,13831,257.54491571705086
pv1,low,MATRIX,Daily low price,1.0,53253,14815,256.84559676564373
pv1,exchange,GROUP,Exchange grouping,1.0,50150,2930,248.14343203726187
socialmedia12,scl12_buzz,MATRIX,relative sentiment volume,1.0,22083,14670,247.99422660973755
pv1,sharesout,MATRIX,Daily outstanding shares (in millions),1.0,31681,7036,247.9297258623207
analyst4,anl4_adjusted_netincome_ft,MATRIX,Adjusted net income - forecast type (revision/new/...),0.8706,51888,26336,246.52227137437305
pv1,split,MATRIX,Stock split ratio,1.0,19575,4118,240.4374245234055
pv1,country,GROUP,Country grouping,1.0,20931,3405,240.1568129810341
pv13,pv13_r2_min2_3000_sector,GROUP,grouping fields,1.0,19420,3729,239.8619199014438
pv13,pv13_h_min2_3000_sector,GROUP,grouping fields,1.0,19763,3435,239.62649021517717
option9,pcr_oi_270,MATRIX,"Ratio of put open interest to call open interest for options expiring in 270 days, indicating longer-term position skew",0.9838,14126,8956,239.4393845314926
option8,implied_volatility_call_270,MATRIX,Implied volatility of the at-the-money call for the stock with an expiration 270 calendar days from the measurement date,0.9729,14480,9737,239.01488242699924
option8,implied_volatility_put_270,MATRIX,Implied volatility of the at-the-money put for the stock with an expiration 270 calendar days from the measurement date,0.9727,13895,9626,238.5251977280992
pv1,dividend,MATRIX,Dividend,1.0,12636,4764,236.78910705802832
option8,implied_volatility_call_120,MATRIX,Implied volatility of the at-the-money call for the stock with an expiration 120 calendar days from the measurement date,0.9729,13514,6731,236.47869236365895
pv13,pv13_r2_min20_3000_sector,GROUP,grouping fields,1.0,11680,2818,233.37787614712752
analyst4,anl4_ebit_value,MATRIX,Earnings before interest and taxes - announced financial value,0.9483,16610,3637,233.00415085030116
pv13,pv13_h_min2_focused_pureplay_3000_sector,GROUP,grouping fields,1.0,11474,2435,232.4698234934364
socialmedia12,snt_buzz,MATRIX,"Negative relative sentiment volume measure for current day, with missing values filled as 0",1.0,9646,3286,232.23267552002665
analyst4,anl4_ptp_flag,MATRIX,Pretax income - forecast type (revision/new/...),0.8289,26234,10190,230.7847980453516
option8,implied_volatility_call_1080,MATRIX,Implied volatility of the at-the-money call for the stock with an expiration 1080 calendar days from the measurement date,0.9729,8856,3733,229.30581047860417
model51,unsystematic_risk_last_360_days,MATRIX,"The portion of return variance not explained by SPY (idiosyncratic risk), calculated as 1 minus R² over the last 360 calendar days",0.937,12199,3765,228.96075585329896
analyst4,anl4_tbve_ft,MATRIX,Tangible Book Value per Share - forecast type (revision/new/...),0.9305,10582,5617,228.88869722925816
analyst4,anl4_epsr_flag,MATRIX,"GAAP Earnings - estimation type (revision/new/...), per share",0.8742,15123,7360,228.18013701040175
option8,implied_volatility_call_180,MATRIX,Implied volatility of the at-the-money call for the stock with an expiration 180 calendar days from the measurement date,0.9729,7637,3912,228.05920878890663
option8,implied_volatility_call_60,MATRIX,Implied volatility of the at-the-money call for the stock with an expiration 60 calendar days from the measurement date,0.9729,7617,3830,227.92709719388876
option8,implied_volatility_put_120,MATRIX,"At-the-money implied volatility of put options with 120 calendar days to expiration, annualized decimal",0.9727,7676,3687,227.79403917166144
analyst4,anl4_netdebt_flag,MATRIX,Net debt - forecast type (revision/new/...),0.8602,16615,6743,227.2832561539679
analyst4,anl4_netprofit_flag,MATRIX,Net profit - forecast type (revision/new/...),0.8778,13716,6675,227.0752836086927
socialmedia12,snt_buzz_bfl,MATRIX,"Negative relative sentiment volume measure for current day, with missing values filled as 1",1.0,6118,2743,226.77739957885427
option8,implied_volatility_put_180,MATRIX,"At-the-money implied volatility of put options with 180 calendar days to expiration, annualized decimal",0.9727,6626,3648,226.2701171030645
option8,implied_volatility_mean_10,MATRIX,The average of IvCall10 and IvPut10,0.9688,7273,2998,225.8307871492144
analyst4,anl4_ptpr_flag,MATRIX,Reported Pretax income - forecast type (revision/new/...),0.9008,10386,5118,225.266674964566
analyst4,anl4_bvps_flag,MATRIX,Book value per share - forecast type (revision/new/...),0.8223,17862,7928,225.02627915085085
socialmedia8,snt_social_value,MATRIX,Z-score of sentiment,1.0,5331,2497,224.93104526641363
analyst4,anl4_gric_flag,MATRIX,Gross income - forecast type (revision/new/...),0.8951,10160,5536,224.8691619989736
analyst4,anl4_ffo_flag,MATRIX,Funds from Operation - forecast type (revision/new/...),1.0,6302,1734,224.78162335703587
socialmedia8,snt_social_volume,MATRIX,Normalized tweet volume,1.0,5181,2205,224.02414461028775
pv13,rel_num_all,MATRIX,number of the companies whose product overlapped with the instrument,0.9939,5393,2134,223.6515346653104
analyst4,actuals_value_currency_code,MATRIX,Pricing Currency where the security trades,1.0,4274,3003,223.64389387812875
option8,implied_volatility_call_150,MATRIX,Implied volatility of the at-the-money call for the stock with an expiration 150 calendar days from the measurement date,0.9729,5685,2712,223.2766744854041
socialmedia12,scl12_buzzvec,VECTOR,Vector representing the volume of social media sentiment/mentions related to the instrument,1.0,4283,2619,222.9810722994521
option8,implied_volatility_put_60,MATRIX,Implied volatility of the at-the-money put for the stock with an expiration 60 calendar days from the measurement date,0.9727,5229,2976,222.88502237566857
option8,parkinson_volatility_120,MATRIX,Historical Parkinson volatility for approximately 120 calendar days,0.9801,4849,2680,222.3470655304951
pv13,pv13_h_f1_sector,GROUP,grouping fields,0.9989,5236,1546,222.2454051956602
option8,implied_volatility_call_30,MATRIX,Implied volatility of the at-the-money call for the stock with an expiration 30 calendar days from the measurement date,0.9729,4991,2229,220.99470342276345
option8,implied_volatility_call_10,MATRIX,Implied volatility of the at-the-money call for the stock with an expiration 10 calendar days from the measurement date,0.9729,4802,2392,220.9614754561901
option8,implied_volatility_put_150,MATRIX,"At-the-money implied volatility of put options with 150 calendar days to expiration, annualized decimal",0.9727,4835,2335,220.8894088370874
option8,historical_volatility_180,MATRIX,Historical close-to-close volatility for approximately 180 calendar days,0.9796,4665,2130,220.76230768630683
socialmedia12,snt_buzz_ret,MATRIX,negative return of relative sentiment volume,1.0,4047,1866,220.72022282738163
pv1,currency,GROUP,Currency,1.0,4275,1624,220.57404819526852
analyst4,anl4_flag_erbfintax,MATRIX,Earnings before interest and taxes - forecast type (revision/new/...),0.8184,12623,6909,220.47717501466516
option8,historical_volatility_120,MATRIX,Historical close-to-close volatility for approximately 120 calendar days,0.98,4457,2161,220.4185001304539
analyst4,anl4_rd_exp_flag,MATRIX,Research and Development Expense - forecast type (revision/new/...),0.9754,4226,2394,219.93817055489296
analyst4,min_adjusted_net_income_guidance,MATRIX,Adjusted net income - minimum guidance value,1.0,3181,2522,219.81867183218264
option8,implied_volatility_call_90,MATRIX,Implied volatility of the at-the-money call for the stock with an expiration 90 calendar days from the measurement date,0.9729,4703,1946,219.7219099226456
option8,implied_volatility_put_90,MATRIX,Implied volatility of the at-the-money put for the stock with an expiration 90 calendar days from the measurement date,0.9727,4386,2038,219.2350828645344
model51,unsystematic_risk_last_90_days,MATRIX,"The portion of return variance not explained by SPY (idiosyncratic risk), calculated as 1 minus R² over the last 90 calendar days",0.9619,4631,2229,219.14622451479917
analyst4,anl4_totassets_flag,MATRIX,Total Assets - forecast type (revision/new/...),0.8122,13174,5355,219.01062726815093
pv13,pv13_reveremap,MATRIX,Mapping data,0.9924,3877,1678,219.00051664341368
socialmedia12,scl12_sentiment,MATRIX,sentiment,1.0,3711,1544,218.90715688572013
option8,implied_volatility_call_360,MATRIX,Implied volatility of the at-the-money call for the stock with an expiration 360 calendar days from the measurement date,0.9729,4172,2086,218.87131934130156
news12,nws12_afterhsz_sl,VECTOR,Whether a long or short position would have been more advantageous: If (EODHigh - Last) > (Last - EODLow) Then LS = 1; If (EODHigh - Last) = (Last - EODLow) Then LS = 0; If (EODHigh - Last) < (Last - EODLow) Then LS = -1.,0.707,22448,13774,218.54306665759023
option8,implied_volatility_mean_120,MATRIX,The average of IvCall120 and IvPut120,0.9688,3884,2371,218.38622642860557
option8,implied_volatility_put_30,MATRIX,Implied volatility of the at-the-money put for the stock with an expiration 30 calendar days from the measurement date,0.9727,3952,1819,217.62525953332104
analyst4,anl4_cff_flag,MATRIX,Cash Flow From Financing Activities - forecast type (revision/new/...),0.8244,8781,6175,216.8867249697397
analyst4,anl4_ebitda_value,MATRIX,"Earnings before interest, taxes, depreciation and amortization - announced financial value",0.8133,15153,2392,216.49171346445507
option8,implied_volatility_call_720,MATRIX,Implied volatility of the at-the-money call for the stock with an expiration 720 calendar days from the measurement date,0.9729,3483,1796,216.3187328136417
option9,pcr_oi_180,MATRIX,"Ratio of total put option open interest to call option open interest for options expiring in 180 days, representing longer-term positioning",0.9838,2918,1860,215.8143099917524
analyst4,anl4_capex_flag,MATRIX,Capital Expenditures - forecast type (revision/new/...),0.8506,7258,3633,214.95041981762895
pv13,pv13_revere_key_sector_total,MATRIX,Number of key focus sectors for the company,0.9334,4055,2209,214.9232644252692
pv13,pv13_h2_sector,GROUP,grouping fields,1.0,2798,1220,214.90730226570807
option8,implied_volatility_put_360,MATRIX,Implied volatility of the at-the-money put for the stock with an expiration 360 calendar days from the measurement date,0.9727,3154,1654,214.8952191888089
option8,parkinson_volatility_180,MATRIX,Historical Parkinson volatility for approximately 180 calendar days,0.9796,3015,1502,214.65295924004332
analyst4,anl4_qf_az_eps_number,MATRIX,Earnings per share - number of estimations,0.7848,11515,5059,214.64053532872825
socialmedia12,snt_value,MATRIX,"Negative sentiment score/indicator for current day, with missing values filled as 0",1.0,2758,1025,213.89335087082645
pv13,rel_ret_all,MATRIX,Averaged one-day return of the companies whose product overlapped with the instrument,0.9613,3001,1692,213.37162703259975
option8,implied_volatility_put_10,MATRIX,"At-the-money implied volatility of put options with 10 calendar days to expiration, annualized decimal",0.9727,2936,1337,213.11609551542705
analyst4,anl4_netprofit_number,MATRIX,Net profit - number of estimations,0.7667,10304,6467,212.94695603673057
option8,implied_volatility_put_720,MATRIX,Implied volatility of the at-the-money put for the stock with an expiration 720 calendar days from the measurement date,0.9727,2618,1594,212.84862352117185
analyst4,sales_estimate_count,MATRIX,Sales - number of estimations,1.0,2007,1529,212.7140598800486
option8,historical_volatility_10,MATRIX,Historical close-to-close volatility for approximately 10 calendar days,0.9808,2737,1200,212.68437916888385
news12,news_pe_ratio,MATRIX,Reported price-to-earnings ratio for the calendar day of the session,0.9662,2977,1341,212.6196537200977
option8,historical_volatility_60,MATRIX,Historical close-to-close volatility for approximately 60 calendar days,0.9805,2715,1186,212.51507685983415
analyst4,anl4_tot_gw_ft,MATRIX,Total Goodwill - forecast type (revision/new/...),0.8515,7397,1960,212.14569885490573
analyst4,est_eps,MATRIX,Earnings per share - mean of estimations,0.7848,8920,5000,212.0285991262324
option8,implied_volatility_mean_180,MATRIX,The average of IvCall180 and IvPut180,0.9688,2547,1515,211.9297929979321
option9,call_breakeven_10,MATRIX,"Price at which a stock's call options with expiration 10 days in the future break even based on its recent bid/ask mean, weighted by open interest or volume",0.9824,2516,1181,211.92304594118335
pv13,pv13_custretsig_retsig,MATRIX,Sign of customer return,0.9276,3726,1606,211.90421082348013
analyst4,sales_estimate_count_quarterly,MATRIX,Sales - number of estimations,1.0,1858,1433,211.61905498301223
option8,implied_volatility_put_1080,MATRIX,"At-the-money implied volatility of put options with 1080 calendar days to expiration, annualized decimal",0.9727,2387,1297,210.8950142314451
pv13,pv13_1l_scibr,GROUP,grouping fields,0.9385,3303,1339,210.88101581113347
news12,news_tot_ticks,MATRIX,Total number of ticks during the trading day,0.9691,2608,1082,210.51467408637225
option8,historical_volatility_150,MATRIX,Historical close-to-close volatility for approximately 150 calendar days,0.9798,2362,1050,210.44435962625383
option8,implied_volatility_call_20,MATRIX,Implied volatility of the at-the-money call for the stock with an expiration 20 calendar days from the measurement date,0.9729,2371,1194,210.43439492300425
analyst4,anl4_cfi_flag,MATRIX,Cash Flow From Investing - forecast type (revision/new/...),0.8287,5427,4035,210.3783071169151
analyst4,anl4_ebitda_flag,MATRIX,"Earnings before interest, taxes, depreciation and amortization - forecast type (revision/new/...)",0.8633,4464,2944,210.3095654135344
pv13,pv13_revere_term_sector_total,MATRIX,Number of terminal sectors for the company,0.9334,3337,1276,210.2326153223805
analyst4,max_adjusted_net_income_guidance,MATRIX,The maximum guidance value for Adjusted net income.,1.0,1665,1342,210.19511420988408
analyst4,anl4_fcf_flag,MATRIX,Free cash flow - forecast type (revision/new/...),0.859,4228,2993,209.4190361996228
analyst4,anl4_cfo_flag,MATRIX,Cash Flow From Operations - forecast type (revision/new/...),0.8269,5022,3800,209.12292378244663
news12,news_cap,MATRIX,Reported total market capitalization for the calendar day of the session,0.8272,6894,1946,208.975742929135
analyst4,anl4_epsr_value,MATRIX,GAAP Earnings per share - announced financial value,0.9904,1864,1010,208.94363941588148
option8,implied_volatility_mean_150,MATRIX,The average of IvCall150 and IvPut150,0.9688,2070,1177,208.5957354350135
option9,call_breakeven_20,MATRIX,"Open-interest-weighted average breakeven price of call options expiring in 20 days, representing the price at which call buyers break even",0.9824,1821,1152,208.56751337954435
option8,historical_volatility_90,MATRIX,Historical close-to-close volatility for approximately 90 calendar days,0.9803,2047,927,208.441348525525
analyst4,anl4_qfd1_az_eps_number,MATRIX,Earnings per share - number of estimations,0.7848,6845,4010,208.2781775197516
option8,implied_volatility_mean_90,MATRIX,The average of IvCall90 and IvPut90,0.9688,1966,1190,208.13539103066708
model51,systematic_risk_last_90_days,MATRIX,"The portion of the security’s return variance attributed to systematic (market) risk, quantified as R² from a regression on SPY, over the last 90 calendar days",0.9619,2113,1163,208.05145980575872
model51,unsystematic_risk_last_60_days,MATRIX,"The portion of return variance not explained by SPY (idiosyncratic risk), calculated as 1 minus R² over the last 60 calendar days",0.9637,2171,1002,207.757790750348
option8,parkinson_volatility_90,MATRIX,Historical volatility using the Parkinson high–low estimator over approximately the past 90 calendar days,0.9803,1901,934,207.7393450774968
option8,historical_volatility_30,MATRIX,Historical close-to-close volatility for approximately 30 calendar days,0.9807,1864,940,207.6148790187061
option8,implied_volatility_mean_60,MATRIX,The average of IvCall60 and IvPut60,0.9688,1863,1152,207.43541255380063
news12,nws12_mainz_01p,VECTOR,The minimum of L or S above for 10-minute bucket,0.9741,2168,755,207.3704219891664
pv13,rel_num_part,MATRIX,number of the instrument's partners,0.7837,7402,2747,207.05954929114216
pv13,pv13_com_rk_au,MATRIX,the HITS authority score of competitors,0.9051,2840,1561,206.79772547054003
option8,historical_volatility_20,MATRIX,Historical close-to-close volatility for approximately 20 calendar days,0.9807,1774,880,206.7908451487761
option8,parkinson_volatility_150,MATRIX,Historical Parkinson volatility for approximately 150 calendar days,0.9798,1869,794,206.708647671758
news12,news_spy_close,MATRIX,SPY price at session close,0.9717,1922,881,206.69737773592172
option8,implied_volatility_put_20,MATRIX,"At-the-money implied volatility of put options with 20 calendar days to expiration, annualized decimal",0.9727,1848,933,206.69138450501544
option9,pcr_oi_120,MATRIX,"Ratio of total put option open interest to total call option open interest for options expiring in 120 days, indicating longer-term put-call positioning",0.9838,1877,723,206.68358355961067
model51,beta_last_60_days_spy,MATRIX,"The rolling beta value of the security relative to SPY, calculated via regression over the last 60 calendar days, representing market sensitivity",0.9752,1874,851,206.6215720181917
pv13,pv13_new_1l_scibr,GROUP,grouping fields,0.9896,1541,904,206.4080302597324
option8,parkinson_volatility_10,MATRIX,Historical Parkinson volatility for approximately 10 calendar days,0.9808,1813,770,206.35133817456747
news12,news_mins_20_chg,MATRIX,The minimum of L or S above for 20-minute bucket,0.9142,2769,1214,206.19852277068708
model51,correlation_last_60_days_spy,MATRIX,"The Pearson correlation coefficient of daily log returns between the security and SPY, calculated over the most recent 60 calendar days",0.9752,1692,949,206.14488374430428
analyst4,anl4_qfv4_eps_number,MATRIX,Earnings per share - number of estimations,1.0,1289,993,206.13266100684007
option8,implied_volatility_mean_30,MATRIX,The average of IvCall30 and IvPut30,0.9688,1758,988,206.0884791054891
option8,parkinson_volatility_60,MATRIX,Historical volatility using the Parkinson high–low estimator over approximately the past 60 calendar days,0.9805,1775,766,206.08362324235745
option9,pcr_oi_150,MATRIX,"Ratio of total put option open interest to total call option open interest for options expiring in 150 days, indicating longer-term put-call positioning",0.9838,1515,980,206.06116795985
option8,parkinson_volatility_20,MATRIX,Historical volatility using the Parkinson high–low estimator over approximately the past 20 calendar days,0.9807,1777,723,205.8264011226671
pv13,pv13_hierarchy23_sector,GROUP,grouping fields,1.0,1320,864,205.67509057988264
news12,news_atr14,MATRIX,14-day Average True Range,0.8947,3915,760,205.3714268258124
analyst4,anl4_netprofit_value,MATRIX,Net profit- announced financial value,1.0,1584,558,205.3141442288893
option8,parkinson_volatility_30,MATRIX,Historical volatility using the Parkinson high–low estimator over approximately the past 30 calendar days,0.9807,1638,687,204.757359977105
news12,news_spy_last,MATRIX,SPY last price at the time of the news,0.9718,1641,755,204.3569097810214
option9,pcr_oi_10,MATRIX,"Ratio of put open interest to call open interest for options expiring in 10 days, indicating short-term positioning",0.9838,1567,650,204.3481102201464
news12,nws12_prez_4l,VECTOR,Number of minutes that elapsed before price went up 4 percentage points,0.9199,2082,1312,204.3059937841237
analyst4,anl4_afv4_eps_mean,MATRIX,Earnings per share - mean of estimations for annual frequency,1.0,1313,662,204.2921869413749
pv13,rel_ret_comp,MATRIX,Averaged one-day return of the competing companies,0.8228,4028,2322,204.0458085157655
pv13,pv13_com_page_rank,MATRIX,the PageRank of competitors,0.9051,2296,1369,204.01642212100185
analyst4,anl4_ptp_value,MATRIX,Pretax income- announced financial value,0.9431,1648,1186,203.7851651986443
news12,news_eps_actual,MATRIX,Actual Earnings Per Share reported in the news release,0.9646,1693,708,203.6277563847806
model51,beta_last_30_days_spy,MATRIX,"The rolling beta value of the security relative to SPY, calculated via regression over the last 30 calendar days, representing market sensitivity",0.9765,1531,670,203.53713918786377
news12,news_eod_close,MATRIX,Session closing price,0.8778,2980,1252,203.44662071126103
option9,pcr_oi_90,MATRIX,"Ratio of put open interest to call open interest for options expiring in 90 days, reflecting longer-term positioning",0.9838,1543,551,203.3690575372327
news12,news_max_dn_ret,MATRIX,Percent change from price at time of news to lowest price after news,0.9704,1549,693,203.21246190166696
option8,implied_volatility_mean_skew_90,MATRIX,Skew steepness for the implied volatility duration of 90 calendar days by subtracting the mean implied volatility of the call and put options with strikes at 110% of the money from the mean implied volatility of the call and put options with strikes at 90% of the money,0.9508,1516,1064,203.17855018420292
analyst4,anl4_fsdetailrecv4v104_item,VECTOR,Financial item,0.8025,5304,1655,203.07485218520685
option8,implied_volatility_mean_skew_360,MATRIX,Skew steepness for the implied volatility duration of 360 calendar days by subtracting the mean implied volatility of the call and put options with strikes at 110% of the money from the mean implied volatility of the call and put options with strikes at 90% of the money,0.9508,1569,962,203.0185760424141
news12,news_pct_1min,MATRIX,Percent change in price during the first minute following the news release,0.9717,1266,954,202.92262850561505
option8,implied_volatility_mean_360,MATRIX,The average of IvCall360 and IvPut360,0.9688,1372,856,202.89472365066865
option9,pcr_oi_60,MATRIX,"Ratio of put open interest to call open interest for options expiring in 60 days, reflecting medium-to-long term option positioning",0.9838,1366,624,202.7724966159215
news12,news_mins_20_pct_dn,MATRIX,Number of minutes that elapsed before price went down 20 percentage points,0.9678,1440,756,202.65774222718247
analyst4,anl4_ptp_number,MATRIX,Pretax Income - number of estimations,0.7327,6496,3971,202.49608323463065
pv13,rel_num_comp,MATRIX,number of the instrument's competitors,0.8902,2304,1334,202.43179240847925
pv13,pv13_3l_scibr,GROUP,grouping fields,0.9385,1682,941,202.37335831478987
model51,beta_last_90_days_spy,MATRIX,"The rolling beta value of the security relative to SPY, calculated via regression over the last 90 calendar days, representing market sensitivity",0.9734,1499,587,202.3558386103961
pv13,pv13_revere_city,MATRIX,City code,0.9382,1706,915,202.34500905131503
model51,beta_last_360_days_spy,MATRIX,"The rolling beta value of the security relative to SPY, calculated via regression over the last 360 calendar days, representing market sensitivity",0.9482,1549,860,202.0705746212716
analyst4,anl4_afv4_eps_high,MATRIX,Earnings per share - The highest estimation,1.0,1020,694,202.0049374094706
news12,nws12_prez_57p,VECTOR,The minimum of L or S above for 7.5-minute bucket,0.9199,1950,940,201.985689104158
news12,news_max_dn_amt,MATRIX,Price at the time of the news minus the after-news low,0.9704,1648,465,201.8401713962242
model51,correlation_last_360_days_spy,MATRIX,"The Pearson correlation coefficient of daily log returns between the security and SPY, calculated over the most recent 360 calendar days",0.9482,1521,842,201.7826401742256
model51,systematic_risk_last_60_days,MATRIX,"The portion of the security’s return variance attributed to systematic (market) risk, quantified as R² from a regression on SPY, over the last 60 calendar days",0.9637,1367,761,201.76078376025816
option9,pcr_oi_1080,MATRIX,"Ratio of put option open interest to call option open interest for stock options expiring in 1080 days, representing longer-term positioning",0.9838,1229,609,201.5949892695014
news12,nws12_mainz_01l,VECTOR,Number of minutes that elapsed before price went up 10 percentage points,0.9741,1322,629,201.51517073807744
model51,unsystematic_risk_last_30_days,MATRIX,"The portion of return variance not explained by SPY (idiosyncratic risk), calculated as 1 minus R² over the last 30 calendar days",0.965,1445,612,201.35738870686816
news12,news_indx_perf,MATRIX,Difference in percent return between the stock and the S&P 500 ETF over the session: ((EODClose - TONLast) / TONLast) - ((SPYClose - SPYLast) / SPYLast),0.9713,1512,481,201.23821770813652
analyst4,anl4_epsr_number,MATRIX,GAAP Earnings per share - number of estimations,0.7153,6353,4514,201.17420047755004
analyst4,anl4_fsdtlestmtafv4_item,VECTOR,Financial item,0.7902,4145,2366,201.16588597752715
option8,implied_volatility_mean_20,MATRIX,The average of IvCall20 and IvPut20,0.9688,1319,636,201.01771843366492
option8,implied_volatility_mean_skew_1080,MATRIX,Skew steepness for the implied volatility duration of 1080 calendar days by subtracting the mean implied volatility of the call and put options with strikes at 110% of the money from the mean implied volatility of the call and put options with strikes at 90% of the money,0.9508,1392,817,201.0064614208118
news12,news_max_up_ret,MATRIX,Percent change from price at time of news to highest price after news,0.8458,2730,1643,200.72866909281765
pv13,pv13_revere_country,MATRIX,Country code,0.9573,1340,731,200.72061140262332
option8,implied_volatility_mean_1080,MATRIX,The average of IvCall1080 and IvPut1080,0.9688,1233,675,200.64112742486816
analyst4,earnings_per_share_estimate_count,MATRIX,Earnings per share - number of estimations,1.0,868,696,200.40735830645656
option8,implied_volatility_mean_720,MATRIX,The average of IvCall720 and IvPut720,0.9688,1152,730,200.35329250143948
option9,pcr_oi_360,MATRIX,Ratio of total put option open interest to call option open interest for options expiring in 360 days,0.9838,1142,539,200.2519623357397
analyst4,anl4_totassets_number,MATRIX,Total Assets - number of estimations,0.7213,5945,3740,200.1702812073212
option8,implied_volatility_mean_270,MATRIX,The average of IvCall270 and IvPut270,0.9688,1137,722,200.16732225765656
news12,news_high_exc_stddev,MATRIX,"Standardized measure of price movement from end-of-day high to last price in the time-of-news window, divided by 30-day closing price standard deviation",0.9652,1361,519,199.95623892497196
model51,correlation_last_30_days_spy,MATRIX,"The Pearson correlation coefficient of daily log returns between the security and SPY, calculated over the most recent 30 calendar days",0.9765,1201,530,199.94123125716123
analyst4,anl4_fsdetailltv4v104_item,VECTOR,Financial item,0.7968,3454,2310,199.8829554133896
pv13,pv13_ompetitorgraphrank_hub_rank,MATRIX,the HITS hub score of competitors,0.9051,1718,1054,199.8114602833793
news12,news_eod_high,MATRIX,Highest price from the time of news to end of session,0.9707,1328,472,199.7872975295921
option9,call_breakeven_1080,MATRIX,Price at which a stock's call options with expiration 1080 days in the future break even based on its recent bid/ask mean.,0.9824,1138,486,199.5603802498848
news12,news_mins_5_chg,MATRIX,"Minimum value among L or S for each minute bucket, indicating the fastest reaction time at the 5th percentile",0.9671,1452,399,199.48117937124275
model51,systematic_risk_last_360_days,MATRIX,"The portion of the security’s return variance attributed to systematic (market) risk, quantified as R² from a regression on SPY, over the last 360 calendar days",0.937,1368,816,199.4465537271845
option9,put_breakeven_10,MATRIX,"Open interest-weighted mean breakeven price for put options expiring in 10 days, average price at which put buyers break even",0.9795,1015,631,199.43073325211856
option8,implied_volatility_mean_skew_180,MATRIX,Skew steepness for the implied volatility duration of 180 calendar days by subtracting the mean implied volatility of the call and put options with strikes at 110% of the money from the mean implied volatility of the call and put options with strikes at 90% of the money,0.9508,1202,796,199.41001055369787
analyst4,anl4_af_eps_value,MATRIX,Earnings Per Share - Actual Value,0.9956,824,665,199.22028221604876
option8,implied_volatility_mean_skew_270,MATRIX,Skew steepness for the implied volatility duration of 270 calendar days by subtracting the mean implied volatility of the call and put options with strikes at 110% of the money from the mean implied volatility of the call and put options with strikes at 90% of the money,0.9508,1143,801,198.93840475873
news12,news_eod_vwap,MATRIX,VWAP from the time of news to the end of the session,0.9673,1102,619,198.9364875827307
option9,forward_price_10,MATRIX,Synthetic forward price for the underlying at 10 days derived from put-call parity using ATM options and adjusted for interest rates and dividends,0.9796,1078,492,198.8004455227948
news12,news_low_exc_stddev,MATRIX,"Standardized measure of price movement from last price in time-of-news window to end-of-day low, divided by 30-day closing price standard deviation",0.9707,1177,493,198.79841122805493
option8,implied_volatility_mean_skew_720,MATRIX,Skew steepness for the implied volatility duration of 720 calendar days by subtracting the mean implied volatility of the call and put options with strikes at 110% of the money from the mean implied volatility of the call and put options with strikes at 90% of the money,0.9508,1146,769,198.76100374553235
option9,pcr_oi_720,MATRIX,"Ratio of put open interest to call open interest for options expiring in 720 days, indicating very long-term option sentiment",0.9838,953,574,198.75848691846963
analyst4,anl4_dez1qfv4_est,VECTOR,Estimation value,0.964,975,787,198.58211631342036
analyst4,reporting_currency_code_9,MATRIX,Home currency of instrument,1.0,779,594,198.5357462245645
analyst4,anl4_fcfps_flag,MATRIX,Free cash flow per share - forecast type (revision/new/...),0.8947,1605,1094,198.2775671563201
option9,pcr_oi_30,MATRIX,"Ratio of put open interest to call open interest for options expiring in 30 days, reflecting medium-term option positioning",0.9838,1001,472,198.27300975890776
model51,correlation_last_90_days_spy,MATRIX,"The Pearson correlation coefficient of daily log returns between the security and SPY, calculated over the most recent 90 calendar days",0.9734,1054,508,198.1152005418543
news12,news_mins_5_pct_up,MATRIX,Number of minutes before the price increased by at least 5 percent after the news release,0.9214,1531,674,198.056856957368
analyst4,anl4_epsa_flag,MATRIX,Earnings per share adjusted by excluding extraordinary items and stock option expenses - forecast type (revision/new/...),1.0,872,409,197.8001413568878
option9,call_breakeven_30,MATRIX,"Open-interest-weighted average breakeven price of call options expiring in 30 days, representing the price at which call buyers break even",0.9824,1010,425,197.6991489215516
pv13,pv13_h_min20_top3000_sector,GROUP,grouping fields,1.0,1011,291,197.5806075098155
option9,put_breakeven_1080,MATRIX,Price at which a stock's put options with expiration 1080 days in the future break even based on its recent bid/ask mean,0.9795,868,593,197.55782784946717
option9,pcr_oi_all,MATRIX,Ratio of total put option open interest to call option open interest aggregated across all option maturities for the stock,0.9838,957,444,197.5188491905398
analyst4,actual_eps_value_quarterly,MATRIX,Earnings Per Share (Income Statement/Per Share) (Actual),1.0,810,447,197.50664670322905
analyst4,anl4_ady_pu,VECTOR,The number of upper estimations,0.7196,5677,2266,197.0346066228668
pv13,pv13_revere_index_cap,MATRIX,Company market capitalization,0.8495,2047,1201,196.65490043706976
option9,call_breakeven_120,MATRIX,"Price at which a stock's call options with expiration 120 days in the future break even based on its recent bid/ask mean, weighted by open interest or volume",0.9824,948,381,196.52119102913213
news12,nws12_prez_57l,VECTOR,Number of minutes that elapsed before price went up 7.5 percentage points,0.9199,1282,722,196.4766097569502
option8,implied_volatility_mean_skew_30,MATRIX,Skew steepness for the implied volatility duration of 30 calendar days by subtracting the mean implied volatility of the call and put options with strikes at 110% of the money from the mean implied volatility of the call and put options with strikes at 90% of the money,0.9508,985,654,196.4397397242026
option8,implied_volatility_mean_skew_120,MATRIX,Skew steepness for the implied volatility duration of 120 calendar days by subtracting the mean implied volatility of the call and put options with strikes at 110% of the money from the mean implied volatility of the call and put options with strikes at 90% of the money,0.9508,976,654,196.34804269860408
option8,implied_volatility_mean_skew_60,MATRIX,Skew steepness for the implied volatility duration of 60 calendar days by subtracting the mean implied volatility of the call and put options with strikes at 110% of the money from the mean implied volatility of the call and put options with strikes at 90% of the money,0.9508,1093,507,196.2083670677117
pv13,pv13_revere_zipcode,MATRIX,Zip code,0.9328,1265,542,196.2017226267109
pv13,pv13_h_min10_top3000_sector,GROUP,grouping fields,1.0,874,289,196.09164347847877
model51,systematic_risk_last_30_days,MATRIX,"The portion of the security’s return variance attributed to systematic (market) risk, quantified as R² from a regression on SPY, over the last 30 calendar days",0.965,957,474,195.9650517998818
analyst4,anl4_fsactualafv4_item,VECTOR,Financial item,0.7877,2701,2030,195.86889299310337
pv13,pv13_h_min10_all_sector,GROUP,grouping fields,0.9995,914,254,195.84555837854737
news12,news_ton_last,MATRIX,Price at the time of the news,0.9717,849,512,195.82374272069748
option9,call_breakeven_180,MATRIX,Open-interest-weighted mean breakeven price at which buyers of call options break even for options expiring in 180 days,0.9824,905,355,195.70504671469
pv13,pv13_5l_scibr,GROUP,grouping fields,0.9385,1009,682,195.659530396207
socialmedia12,scl12_sentvec,VECTOR,Vector representing the sentiment score (bullish/bearish/neutral) derived from social media data for the instrument,1.0,714,384,195.48904209837897
news12,news_main_vwap,MATRIX,Main session volume-weighted average price,0.9707,947,380,195.3275418981837
option8,implied_volatility_mean_skew_150,MATRIX,Skew steepness for the implied volatility duration of 150 calendar days by subtracting the mean implied volatility of the call and put options with strikes at 110% of the money from the mean implied volatility of the call and put options with strikes at 90% of the money,0.9508,911,609,195.3036946865801
analyst4,anl4_afv4_median_eps,MATRIX,Earnings per share - median of estimations,1.0,644,439,195.12637680251927
news12,news_max_up_amt,MATRIX,After-news high minus the price at the time of the news,0.9692,941,377,195.07452372386155
analyst4,anl4_netprofita_low,MATRIX,Adjusted net income - the lowest estimation,0.7511,4090,1517,194.90119196907185
pv13,pv13_r2_min5_3000_sector,GROUP,grouping fields,1.0,843,237,194.74287831431693
analyst4,anl4_afv4_eps_low,MATRIX,Earnings per share - The lowest estimation for annual frequency,1.0,607,457,194.7360947402326
pv13,pv13_h_f3_sector,GROUP,grouping fields,0.9989,786,261,194.4140050029795
news12,news_vol_stddev,MATRIX,"Z-score of current volume compared to 30-day average volume, using 30-day volume standard deviation",0.9672,927,348,194.32567693887407
analyst4,anl4_ptp_high,MATRIX,Pretax income - the highest estimation,0.7327,3390,2818,194.2794888768269
analyst4,anl4_adxqfv110_pu,VECTOR,The number of upper estimations,0.6979,4883,2626,194.09518730073364
analyst4,anl4_basicconqfv110_pu,VECTOR,The number of upper estimations,0.7262,3857,2295,193.893660721854
analyst4,anl4_ptp_low,MATRIX,Pretax income - the lowest estimation,0.7327,4573,1397,193.765423359796
analyst4,anl4_netprofita_value,MATRIX,Adjusted net income- announced financial value,0.9312,954,604,193.76325569496152
news12,news_pct_90min,MATRIX,Percent change in price during the first 90 minutes following the news release,0.9692,793,398,193.63564169692063
news12,nws12_mainz_57l,VECTOR,Number of minutes that elapsed before price went up 7.5 percentage points,0.9741,740,410,193.58297232544209
analyst4,est_ptp,MATRIX,Pretax income - mean of estimations,0.7527,3037,1930,193.28851324369973
analyst4,anl4_epsr_low,MATRIX,GAAP Earnings per share - The lowest estimation,0.7153,5019,1466,193.19672601757267
news12,news_eod_low,MATRIX,Lowest price from the time of news to end of session,0.9707,874,290,193.17885519943363
option9,pcr_oi_20,MATRIX,Ratio of put open interest to call open interest on a stock's options with expiration 20 days in the future,0.9838,687,355,193.0925420335936
option9,forward_price_20,MATRIX,Synthetic forward price for the underlying at 20 days derived from put-call parity using ATM options and adjusted for interest rates and dividends,0.9796,704,349,192.83164380054
analyst4,anl4_afv4_eps_number,MATRIX,Earnings per share - number of estimations for annual frequency,1.0,561,361,192.77323955806577
analyst4,est_netprofit,MATRIX,Net profit - mean of estimations,0.7861,2480,1323,192.7162335194028
news12,nws12_mainz_mov_vol,VECTOR,30-day moving average session volume,0.9689,784,324,192.4659630894728
news12,nws12_mainz_prev_vol,VECTOR,Previous day's session volume,0.9733,693,373,192.37599859214072
analyst4,anl4_ebit_number,MATRIX,Earnings before interest and taxes - number of estimations,0.7097,3584,2698,192.3183205954272
option8,implied_volatility_mean_skew_10,MATRIX,Skew steepness for the implied volatility duration of 10 calendar days by subtracting the mean implied volatility of the call and put options with strikes at 110% of the money from the mean implied volatility of the call and put options with strikes at 90% of the money,0.9508,793,430,192.1813750629901
news12,nws12_prez_01l,VECTOR,Number of minutes that elapsed before price went up 10 percentage points,0.9199,980,511,192.0673477208512
option8,implied_volatility_mean_skew_20,MATRIX,Skew steepness for the implied volatility duration of 20 calendar days by subtracting the mean implied volatility of the call and put options with strikes at 110% of the money from implied volatility of the call and put options with strikes at 90% of the money,0.9508,733,490,192.04731092511776
pv13,pv13_4l_scibr,GROUP,grouping fields,0.9385,786,543,192.02702871845372
option9,option_breakeven_10,MATRIX,Open-interest-weighted mean breakeven price at which buyers of calls and puts combined break even for options expiring in 10 days,0.9835,684,287,191.958990783302
news12,news_pct_120min,MATRIX,Percent change in price during the first 120 minutes following the news release,0.9063,1037,582,191.9214465690108
analyst4,anl4_netprofita_number,MATRIX,Adjusted net income - number of estimations,0.7511,2697,1920,191.91566618151975
pv13,pv13_h_min51_f3_sector,GROUP,grouping fields,0.9989,755,171,191.9078861458626
pv13,pv13_r2_min10_3000_sector,GROUP,grouping fields,1.0,659,212,191.72885917875183
analyst4,anl4_qfv4_actual,VECTOR,Announced financial data,0.9925,485,453,191.70257222921168
news12,news_atr_ratio,MATRIX,Ratio of current day's price range to 20-day average true range,0.7967,2598,791,191.67162730548705
news12,news_pct_30sec,MATRIX,Percent change in price in the 30 seconds after the news release,0.9673,635,432,191.63567427341368
option9,call_breakeven_270,MATRIX,Price at which a stock's call options with expiration 270 days in the future break even based on its recent bid/ask mean,0.9824,668,284,191.5602865026256
option9,pcr_vol_270,MATRIX,"Ratio of total put options volume to call options volume for contracts expiring 270 days in the future, indicating short-term options flow sentiment at longer tenor",0.981,603,355,191.5103956336083
socialmedia12,scl12_typevec,VECTOR,Vector containing the type indices identifying the categories of instruments in the dataset,1.0,554,285,191.4696401915636
analyst4,anl4_capex_value,MATRIX,Capital Expenditures - announced financial value,0.6592,6549,1786,191.2336708620901
option9,call_breakeven_150,MATRIX,"Price at which a stock's call options with expiration 150 days in the future break even based on its recent bid/ask mean, weighted by open interest or volume",0.9824,666,264,191.1665495890873
option9,call_breakeven_60,MATRIX,"Open interest-weighted mean breakeven price for call options expiring in 60 days, showing average price at which call buyers break even",0.9824,631,293,191.146792778162
pv13,pv13_6l_scibr,GROUP,grouping fields,0.9385,757,488,191.11864630379807
option9,forward_price_30,MATRIX,"Synthetic forward price at 30 days expiry, derived from at-the-money call and put options, reflecting market consensus forward expectation",0.9796,621,312,191.02041688009257
pv13,rel_ret_part,MATRIX,Averaged one-day return of the instrument's partners,0.7097,3926,1722,190.98542172841977
pv13,pv13_h_min5_3000_sector,GROUP,grouping fields,1.0,620,192,190.6267617638592
option9,pcr_vol_180,MATRIX,"Ratio of total put option volume to call option volume for options expiring in 180 days, capturing short-term options flow sentiment",0.981,539,368,190.56967461578583
analyst4,anl4_median_epsreported,MATRIX,GAAP Earnings per share - median of estimations,0.7153,3832,1453,190.4543989442729
analyst4,anl4_bac1detaillt_item,VECTOR,Financial item,0.6827,4106,2405,190.40308562223868
news12,news_pct_60min,MATRIX,Percent change in price during the first 60 minutes following the news release,0.9692,618,341,190.37510641215897
analyst4,anl4_fs_guidances_advanced_qf_nd_netprofita_minguidance,MATRIX,Minimum guidance value for adjusted net income,1.0,428,377,190.2890401673781
option9,forward_price_180,MATRIX,Synthetic forward price at 180 days derived from put-call parity using at-the-money calls and puts reflecting market consensus forward expectation,0.9796,588,293,190.16216067320929
news12,news_pct_30min,MATRIX,Percent change in price during the first 30 minutes following the news release,0.9717,584,345,190.1183123476072
option9,call_breakeven_720,MATRIX,Weighted mean breakeven price of call options expiring in 720 days indicating the price at which call buyers break even,0.9824,583,273,190.00465036022263
option9,forward_price_720,MATRIX,Synthetic forward price at 720 days derived from at-the-money call and put options reflecting the market's forward expectation of the underlying security,0.9796,567,287,189.69601658789125
option9,call_breakeven_360,MATRIX,"Weighted mean break-even price of call options expiring in 360 days, based on recent bid/ask prices",0.9824,570,256,189.45927252103624
option9,pcr_vol_10,MATRIX,"Ratio of total put option volume to call option volume for options expiring in 10 days, reflecting very short-term sentiment flow",0.981,523,304,189.31647572624743
option9,forward_price_1080,MATRIX,"Synthetic forward price at 1080 days derived from at-the-money call and put option prices, reflecting market consensus for the underlying at that tenor",0.9796,525,308,189.27971851186584
analyst4,anl4_ebit_low,MATRIX,Earnings before interest and taxes - The lowest estimation,0.7097,3918,1213,189.21429784009356
news12,nws12_prez_4p,VECTOR,The minimum of L or S above for 4-minute bucket,0.9199,806,426,189.20715674884264
analyst4,anl4_dez1qfv4_preest,VECTOR,The previous estimation of finanicial item,0.964,518,419,189.12031238804596
analyst4,anl4_cuo1detailafv110_item,VECTOR,Financial item,0.688,3926,1798,189.0312417155328
news12,nws12_mainz_curr_vol,VECTOR,Current day's session volume,0.9733,518,331,188.87471367624136
analyst4,anl4_capex_high,MATRIX,Capital Expenditures - The highest estimation,0.6173,8457,1538,188.85312084951877
news12,news_post_vwap,MATRIX,Post-session volume-weighted average price,0.9705,557,298,188.7958074907665
option9,forward_price_360,MATRIX,"Synthetic forward price at 360 days derived from put-call parity using ATM call and put prices, reflecting the market-consensus forward expectation of the underlying",0.9796,578,226,188.69777486313697
option9,pcr_vol_1080,MATRIX,Ratio of put volume to call volume on a stock's options with expiration 1080 days in the future.,0.981,502,291,188.6896707123388
analyst4,est_sales,MATRIX,Sales - mean of estimations,0.7458,2789,1043,188.67204259036703
pv13,pv13_h_min30_3000_mapped_sector,GROUP,grouping fields,1.0,532,173,188.5804907377311
analyst4,actual_sales_value_quarterly,MATRIX,Sales - Value in financial services income statement (in millions),1.0,421,276,188.57014067129683
option9,option_breakeven_120,MATRIX,"Weighted mean breakeven price for combined call and put options with expiration 120 days in the future, based on recent bid/ask mid-prices and weighted by open interest or volume",0.9835,540,233,188.56079836525333
option9,option_breakeven_270,MATRIX,The weighted mean price at which buyers of call and put options combined break even at 270 days to expiry based on recent bid/ask prices,0.9835,577,192,188.2591896312482
news12,news_mins_3_pct_up,MATRIX,Number of minutes before the price increased by at least 3 percent after the news release,0.9209,737,400,188.0992453825376
analyst4,est_epsr,MATRIX,GAAP Earnings per share - mean of estimations,0.7405,2862,968,188.027576110435
analyst4,anl4_capex_low,MATRIX,Capital Expenditures - The lowest estimation,0.6173,7535,1626,187.97693369865715
news12,news_mins_5_pct_dn,MATRIX,Number of minutes before the price decreased by at least 5 percent after the news release,0.8467,1212,637,187.97021050616445
analyst4,anl4_ebit_high,MATRIX,Earnings before interest and taxes - The highest estimation,0.7097,3358,1285,187.9604454201108
option9,option_breakeven_20,MATRIX,Price at which a stock's options with expiration 20 days in the future break even based on its recent bid/ask mean,0.9835,458,286,187.93791317940355
news12,nws12_mainz_mktcap,VECTOR,Reported market capitalization for the calendar day of the session,0.9726,627,187,187.86761147883172
pv13,pv13_hierarchy_min2_focused_pureplay_3000_513_sector,GROUP,grouping fields,0.9929,400,302,187.7982783006125
option9,forward_price_270,MATRIX,Synthetic forward price at 270 days expiry derived from ATM calls and puts reflecting the market-consensus forward expectation,0.9796,515,233,187.6976732316041
news12,news_mins_7_5_pct_dn,MATRIX,Number of minutes elapsed before price decreases by 7.5 percentage points after the event,0.8817,914,519,187.62838471063256
option9,forward_price_120,MATRIX,Synthetic forward price at 120 days derived from at-the-money call and put options reflecting the market's forward expectation of the underlying security,0.9796,429,331,187.6235269314585
option9,option_breakeven_1080,MATRIX,Open-interest-weighted mean breakeven price at which buyers of calls and puts combined break even for options expiring in 1080 days,0.9835,525,203,187.59361209659815
option9,pcr_vol_360,MATRIX,Ratio of put volume to call volume on a stock's options with expiration 360 days in the future,0.981,470,261,187.4903034589697
analyst4,est_capex,MATRIX,Capital Expenditures - mean of estimations,0.6427,5859,1464,187.4771014329665
news12,news_mins_4_pct_up,MATRIX,Number of minutes before the price increased by at least 4 percent after the news release,0.9673,522,277,187.4639202091024
option9,option_breakeven_180,MATRIX,"Weighted mean break-even price for combined call and put options expiring in 180 days, based on recent bid/ask prices",0.9835,487,225,187.3558290548929
analyst4,anl4_cfo_low,MATRIX,Cash Flow From Operations - The lowest estimation,0.6232,6985,1471,187.30852075011188
news12,news_mins_20_pct_up,MATRIX,Number of minutes that elapsed before price went up 20 percentage points,0.9673,491,303,187.29992567195416
option9,option_breakeven_30,MATRIX,"Open-interest-weighted average breakeven price of all call and put options expiring in 30 days, representing the price at which option buyers collectively break even",0.9835,455,246,187.12186977828375
news12,news_mov_vol,MATRIX,30-day moving average of session volume,0.8046,1721,618,187.11294321329973
news12,news_ton_high,MATRIX,Highest price reached during the session before the time of news,0.9707,499,261,187.0578035030274
pv1,adjfactor,MATRIX,Adjustment factor applied to historical prices and dividends to account for splits and other corporate actions,1.0,484,153,187.026251921443
option9,forward_price_150,MATRIX,Synthetic forward price at 150 days derived from at-the-money call and put options reflecting the market's forward expectation of the underlying security,0.9796,446,269,186.9776957411276
option9,forward_price_60,MATRIX,Synthetic forward price at 60 days derived from at-the-money call and put options reflecting the market's forward expectation of the underlying security,0.9796,443,271,186.94725595580223
option9,call_breakeven_90,MATRIX,Price at which a stock's call options with expiration 90 days in the future break even based on its recent bid/ask mean,0.9824,427,275,186.93323628440373
analyst4,anl4_fs_detail_estimates_basic_qf_delay1_v4_nd_sales_number,MATRIX,Number of Sales estimates,0.9852,389,313,186.9284323207782
option9,put_breakeven_120,MATRIX,Price at which a stock's put options with expiration 120 days in the future break even based on its recent bid/ask mean,0.9795,442,267,186.84063260300564
news12,nws12_prez_5p,VECTOR,The minimum of L or S above for 5-minute bucket,0.9199,614,451,186.77463357722635
option9,put_breakeven_90,MATRIX,Open-interest-weighted mean breakeven price at which buyers of put options break even for options expiring in 90 days,0.9795,453,250,186.7582366760724
analyst4,anl4_bac1detailrec_item,VECTOR,Financial item,0.7128,2880,1290,186.7547893050785
news12,news_ton_low,MATRIX,Lowest price reached during the session before the time of news,0.9707,481,247,186.4165848713309
option9,pcr_vol_120,MATRIX,Ratio of put options volume to call options volume for contracts expiring in 120 days on a stock's options,0.981,397,285,186.24447910694363
option9,put_breakeven_720,MATRIX,Weighted mean breakeven price of put options expiring in 720 days indicating the put buyers break-even price based on recent bid/ask,0.9795,414,260,186.05538723892045
pv13,pv13_h_min52_3000_sector,GROUP,grouping fields,1.0,478,129,186.05467822638707
news12,news_mins_1_chg,MATRIX,Minimum number of minutes taken for price to move (up or down) 1 percentage point after the event,0.9175,657,356,186.0307282221513
analyst4,anl4_fs_detail_estimate_1qf_v4_nd_netprofit_number,MATRIX,Net Profit - number of analyst estimates,0.9409,488,396,185.93330629818468
analyst4,anl4_basicconafv110_pu,VECTOR,The number of upper estimations,0.7343,2118,1277,185.7822537573704
option9,put_breakeven_30,MATRIX,The weighted mean break-even price of put options expiring in 30 days based on recent bid/ask prices,0.9795,404,257,185.75366859567347
analyst4,anl4_epsr_high,MATRIX,GAAP Earnings per share - The highest estimation,0.7153,2575,1252,185.7364106467228
news12,nws12_prez_mov_vol,VECTOR,30-day moving average session volume,0.9123,693,331,185.6803944496505
option9,pcr_vol_all,MATRIX,"Ratio of total put option volume to call option volume aggregated across all maturities, measuring short-term options flow sentiment",0.981,411,236,185.6505341991709
socialmedia12,snt_value_fast_d1,MATRIX,"Negative sentiment score/indicator for current day, with missing values filled as 0",0.9769,384,282,185.44966783109405
socialmedia12,scl12_sentiment_fast_d1,MATRIX,sentiment,0.9756,391,275,185.3746227264904
analyst4,anl4_fs_actuals_advanced_af_nd_currency,MATRIX,Pricing currency in which the security trades,1.0,312,264,185.36068103533265
option9,forward_price_90,MATRIX,"Synthetic forward price at 90 days derived from put-call parity using ATM call and put prices, reflecting the market-consensus forward expectation of the underlying",0.9796,403,233,185.2507543564
option9,put_breakeven_360,MATRIX,Open-interest-weighted mean breakeven price at which buyers of put options break even for options expiring in 360 days,0.9795,406,227,185.18485999919812
analyst4,anl4_totassets_low,MATRIX,Total Assets - The lowest estimation,0.7213,2287,1196,184.9222020527868
news12,nws12_allz_newrecord,VECTOR,Tracks whether the news is first instance or a duplicate,0.9745,387,262,184.9208235571216
analyst4,earnings_per_share_average,MATRIX,Earnings per share - mean of estimations,1.0,312,236,184.8023326110772
analyst4,sales_min_guidance_quarterly,MATRIX,Minimum guidance value for Sales,1.0,314,226,184.6504764756633
option9,put_breakeven_150,MATRIX,Open-interest-weighted mean breakeven price at which buyers of put options break even for options expiring in 150 days,0.9795,407,199,184.5542585767818
analyst4,actual_sales_value_annual,MATRIX,Sales - Actual Value,0.9943,316,240,184.44300240622607
option9,put_breakeven_60,MATRIX,"Price at which a stock's put options with expiration 60 days in the future break even based on its recent bid/ask mean, weighted by open interest or volume",0.9795,384,218,184.42779199196036
analyst4,est_netprofit_adj,MATRIX,Adjusted net income - Mean of estimations,0.7731,1516,864,184.36854732814476
option9,put_breakeven_20,MATRIX,"Price at which a stock's put options with expiration 20 days in the future break even based on its recent bid/ask mean, weighted by open interest or volume",0.9795,365,235,184.2954923591417
analyst4,anl4_fs_detail_estimates_basic_qf_v4_nd_sales_number,MATRIX,Sales - number of estimations,0.9852,320,268,184.20796812930936
option9,option_breakeven_360,MATRIX,"Open-interest-weighted average breakeven price of all call and put options expiring in 360 days, representing the price at which option buyers collectively break even",0.9835,406,172,184.20458982691488
news12,news_mins_4_pct_dn,MATRIX,Number of minutes before the price decreased by at least 4 percent after the news release,0.971,386,238,184.06656468995536
socialmedia12,scl12_alltype_buzzvec,VECTOR,sentiment volume,0.9525,439,265,184.03522881303155
option9,pcr_vol_60,MATRIX,"Ratio of total put options volume to call options volume for contracts expiring 60 days in the future, indicating short-term options flow sentiment",0.981,335,245,183.79776927929385
analyst4,sales_max_guidance_quarterly,MATRIX,The maximum guidance value for sales.,1.0,280,239,183.7867413100474
analyst4,anl4_netprofit_low,MATRIX,Net Profit - The Lowest Estimation,0.7667,1469,891,183.5675074606279
news12,nws12_allz_provider,VECTOR,index of name of the news provider,0.9745,359,225,183.41371531086295
option9,put_breakeven_180,MATRIX,"Weighted mean breakeven price of put options expiring in 180 days derived from open interest or volume, indicating the price at which put buyers break even",0.9795,346,215,183.3196398378894
pv13,pv13_rha2_min5_sector,GROUP,grouping fields,0.722,2048,1056,183.2670214117402
news12,nws12_prez_provider,VECTOR,index of name of the news provider,0.9199,565,261,183.21766330083733
option9,option_breakeven_90,MATRIX,Open-interest-weighted mean breakeven price at which buyers of calls and puts combined break even for options expiring in 90 days,0.9835,346,189,183.07836816027103
option9,pcr_vol_150,MATRIX,"Ratio of total put options volume to call options volume for options expiring in 150 days, reflecting short-term options flow sentiment",0.981,347,195,183.0125980938973
analyst4,anl4_gric_value,MATRIX,Gross income- announced financial value,0.6954,2206,1444,182.9132170653
option9,pcr_vol_30,MATRIX,Ratio of put volume to call volume on a stock's options with expiration 30 days in the future,0.981,327,206,182.69373005016823
option9,put_breakeven_270,MATRIX,Weighted mean breakeven price of put options expiring in 270 days indicating the break even price for put buyers based on recent bids and asks,0.9795,360,175,182.69119955851957
analyst4,anl4_fsdtlestmtbscv104_item,VECTOR,Financial item,0.8087,910,810,182.50676924317665
analyst4,anl4_fs_guidances_advanced_qf_nd_netprofita_maxguidance,MATRIX,Maximum guidance value for Adjusted net income,1.0,262,211,182.5044716951377
news12,nws12_prez_57s,VECTOR,Number of minutes that elapsed before price went down 7.5 percentage points,0.9199,451,355,182.5014754525825
pv13,pv13_ustomergraphrank_hub_rank,MATRIX,the HITS hub score of customers,0.7906,1123,742,182.3599705281252
news12,news_short_interest,MATRIX,Ratio of total number of shares sold short to total shares outstanding,0.872,637,451,182.35179373260905
news12,nws12_prez_1p,VECTOR,The minimum of L or S above for 1-minute bucket,0.9199,507,267,182.24974937833912
news12,nws12_mainz_02l,VECTOR,Number of minutes that elapsed before price went up 20 percentage points,0.9741,351,187,182.22852157013077
pv13,pv13_ustomergraphrank_page_rank,MATRIX,the PageRank of customers,0.7906,1082,745,182.00853047102868
option9,pcr_vol_20,MATRIX,"Ratio of put option volume to call option volume for options expiring in 20 days, signaling short-term options flow sentiment",0.981,305,206,181.99944498585063
analyst4,anl4_netprofita_mean,MATRIX,Adjusted net income - mean of estimations,0.7511,1428,937,181.9760515243298
pv13,pv13_rha2_min2_sector,GROUP,grouping fields,0.722,1846,994,181.92689348778532
option9,pcr_vol_90,MATRIX,"Ratio of put options volume to call options volume for stock options expiring in 90 days, indicating short-term options flow sentiment",0.981,281,239,181.9222653260911
option9,option_breakeven_60,MATRIX,The weighted mean price at which buyers of call and put options combined break even at 60 days to expiry based on recent bid/ask prices,0.9835,308,186,181.8389558532504
option9,option_breakeven_150,MATRIX,Price at which a stock's options with expiration 150 days in the future break even based on its recent bid/ask mean,0.9835,329,161,181.7789082207672
news12,nws12_prez_4s,VECTOR,Number of minutes that elapsed before price went down 4 percentage points,0.9199,519,216,181.42777488345703
analyst4,anl4_ebit_median,MATRIX,Earnings before interest and taxes - median of estimations,0.7097,1952,999,181.27999570367749
socialmedia12,scl12_buzz_fast_d1,MATRIX,relative sentiment volume,0.9756,294,210,181.1890442307785
pv1,ticker,SYMBOL,Ticker,1.0,293,129,181.17346992566476
analyst4,anl4_qf_az_eps_mean,MATRIX,Earnings per share - mean of estimations,0.7848,1117,650,181.0655147481933
analyst4,anl4_basicconqfv110_numest,VECTOR,The number of forecasts counted in aggregation,0.7262,1469,1151,180.796451004007
option9,option_breakeven_720,MATRIX,Price at which a stock's options with expiration 720 days in the future break even based on its recent bid/ask mean,0.9835,297,157,180.6339100301889
pv13,pv13_revere_index_value,MATRIX,Value of specified index for the date,0.8603,598,456,180.6060329356255
option9,pcr_vol_720,MATRIX,Ratio of put options volume to call options volume for contracts expiring in 720 days on a stock's options,0.981,271,197,180.59935581643265
analyst4,anl4_basicconltv110_numest,VECTOR,The number of forecasts counted in aggregation,0.7004,1719,1319,180.46773077597703
analyst4,anl4_detailrecv4v104_est,VECTOR,Estimation value,0.7885,1001,662,180.43140776737735
analyst4,anl4_netprofit_median,MATRIX,Net profit - Median of estimations,0.7667,1129,797,180.3802721043129
analyst4,anl4_bvps_number,MATRIX,Book value per share - number of estimations,0.6499,2303,1952,180.2996298725412
analyst4,est_ebit,MATRIX,Earnings before interest and taxes - mean of estimations,0.7309,2158,432,180.2176929451605
analyst4,est_cashflow_op,MATRIX,Cash Flow From Operations - mean of estimations,0.6518,2645,1376,180.1263559403923
news12,news_mins_3_chg,MATRIX,Minimum number of minutes taken for price to move (up or down) 3 percentage points after the event,0.9174,440,240,180.05443342192174
analyst4,anl4_basicconqfv110_mean,VECTOR,Mean of estimations,0.7262,1309,1218,179.92675480935833
analyst4,est_tot_assets,MATRIX,Total Assets - mean of estimations,0.7522,1342,685,179.9010001038618
analyst4,anl4_fsdtlestmtbscqv104_item,VECTOR,Financial item,0.7904,1107,468,179.8961325153037
analyst4,anl4_basicconqfv110_down,VECTOR,Number of lower estimations,0.7262,1296,1176,179.6517123794658
news12,nws12_afterhsz_57s,VECTOR,Number of minutes that elapsed before price went down 7.5 percentage points,0.707,2104,650,179.61325567220766
analyst4,anl4_cuo1detailqfv110_item,VECTOR,Financial item,0.6295,2855,1599,179.4105677757341
pv13,pv13_2l_scibr,GROUP,grouping fields,0.9385,362,202,179.36005823785746
socialmedia12,snt_buzz_fast_d1,MATRIX,"Negative relative sentiment volume measure for current day, with missing values filled as 0",0.9769,239,213,179.32626930852916
analyst4,max_shareholders_equity_guidance,MATRIX,The maximum guidance value for Total Shareholders' Equity.,1.0,205,178,179.2156907170996
news12,nws12_prez_5l,VECTOR,Number of minutes that elapsed before price went up 5 percentage points,0.9199,420,208,179.12799959664787
news12,news_mins_10_chg,MATRIX,"Minimum value among L or S for each minute bucket, indicating the fastest reaction time at the 10th percentile",0.7395,1631,512,179.12699458109438
news12,news_all_vwap,MATRIX,"VWAP across all sessions (pre, main, post)",0.728,1582,676,179.0591269633715
analyst4,actuals_reporting_currency,VECTOR,Home currency of instrument,0.9876,268,129,179.04478604829632
news12,nws12_mainz_vol_ratio,VECTOR,Curr_Vol / Mov_Vol,0.9712,339,111,179.00195053257755
analyst4,est_shequity,MATRIX,Mean of SH Equity segment - mean of estimations,0.7598,1237,562,178.8589226731439
analyst4,operating_profit_max_guidance_qtr,MATRIX,The maximum guidance value for Earnings Before Interest and Taxes.,1.0,194,179,178.69477984008853
analyst4,dividend_max_guidance_value,MATRIX,The maximum guidance value for Dividend per share on an annual basis.,1.0,203,153,178.3659629505103
analyst4,operating_profit_before_depr_amort_min_guidance_qtr,MATRIX,"Minimum guidance value for Earnings before interest, taxes, depreciation and amortization",1.0,189,173,178.26551721767748
analyst4,anl4_adxqfv110_numest,VECTOR,The number of forecasts counted in aggregation,0.6979,1516,1118,178.1358533350449
news12,news_mins_3_pct_dn,MATRIX,Number of minutes before the price decreased by at least 3 percent after the news release,0.9174,371,221,177.94232545209286
analyst4,operating_profit_before_depr_amort_max_guidance_qtr,MATRIX,"Max guidance value for Earnings before interest, taxes, depreciation and amortization",1.0,183,171,177.88682996015714
analyst4,anl4_total_rec,VECTOR,The total number of recommendations,0.6243,2540,1651,177.88183960360624
analyst4,anl4_netprofita_high,MATRIX,Adjusted Net Income - the highest estimation,0.7511,1048,732,177.65165459339624
analyst4,anl4_fs_detail_estimate_1qf_v4_nd_epsr_number,MATRIX,Number of EPS growth rate estimates,0.8623,463,391,177.48515472121483
news12,news_mins_4_chg,MATRIX,"Minimum value among L or S (minutes to reach positive/negative return thresholds) for each minute bucket, representing the fastest reaction time at the 4th percentile",0.9209,364,191,177.37645039596384
news12,nws12_prez_allticks,VECTOR,Total number of ticks for the trading day,0.9199,350,210,177.357152902039
pv13,pv13_new_6l_scibr,GROUP,grouping fields,0.9896,220,131,177.35563662810938
analyst4,anl4_dez1afv4_est,VECTOR,Estimation value,0.967,242,170,177.33893221591876
analyst4,net_income_adjusted,MATRIX,Adjusted net income- announced financial value for annual frequency,0.9134,343,234,177.04434414445478
news12,news_mins_10_pct_up,MATRIX,Number of minutes before the price increased by at least 10 percent after the news release,0.6282,2542,1267,176.95697832920706
pv13,pv13_hierarchy_min2_pureplay_only_sector,GROUP,grouping fields,0.7036,1421,866,176.78339098753457
socialmedia12,snt_buzz_bfl_fast_d1,MATRIX,"Negative relative sentiment volume measure for current day, with missing values filled as 1",0.9998,174,151,176.7472623434665
pv13,pv13_ustomergraphrank_auth_rank,MATRIX,the HITS authority score of customers,0.7906,741,535,176.57416323702782
analyst4,ebit_reported_value,MATRIX,Earnings Before Interest & Taxes - actual value for the quarter,0.9483,261,182,176.56087580181804
pv1,sedol,SYMBOL,Sedol,1.0,185,124,176.3990354236435
news12,news_curr_vol,MATRIX,Current day's session volume,0.7769,911,438,176.26889696611917
analyst4,pretax_income_standalone_value,MATRIX,Pretax Profit - actual value for the quarter,0.9431,241,211,175.98230863492694
analyst4,dividend_min_guidance_value,MATRIX,Minimum guidance value for Dividend per share on an annual basis,1.0,167,138,175.91200945968606
analyst4,anl4_dez1basicqfv4v104_est,VECTOR,Estimation value,0.7891,680,564,175.8297517172273
analyst4,anl4_basicconltv110_pu,VECTOR,The number of upper estimations,0.7004,1262,926,175.6122190513342
analyst4,anl4_cfo_median,MATRIX,Cash Flow From Operations - median of estimations,0.6232,2489,1091,175.49921067611177
news12,news_close_vol,MATRIX,Main session close volume,0.6909,1752,562,175.44723698991078
pv13,pv13_hierarchy_min2_focused_only_sector,GROUP,grouping fields,0.7036,1310,739,175.17870576862808
analyst4,anl4_qfv4_dts_spe,MATRIX,Earnings per share - standard deviation of estimations,0.7237,1056,734,175.00125235476656
analyst4,basic_shares_max_guidance_qtr,MATRIX,The maximum guidance value for Basic Shares.,1.0,152,135,174.8676536426046
analyst4,earnings_per_share_reported_value,MATRIX,Reported Earnings Per Share - Actual Value,0.9902,168,131,174.7329967621626
analyst4,anl4_cfo_high,MATRIX,Cash Flow From Operations - The highest value among forecasts,0.6232,2278,1114,174.71796871192794
pv13,pv13_new_5l_scibr,GROUP,grouping fields,0.9896,169,128,174.617046392311
analyst4,anl4_ady_numest,VECTOR,The number of forecasts counted in aggregation,0.7196,1024,754,174.41806766197024
analyst4,net_income_total_2,MATRIX,Net profit- announced financial value for annual data,0.9728,177,152,174.250025109883
news12,nws12_mainz_short_interest,VECTOR,Total number of shares sold short divided by total number of shares outstanding,0.8632,374,300,174.1248115834485
analyst4,anl4_netprofit_mean,MATRIX,Net profit - mean of estimations,0.7667,736,528,174.0508210811849
news12,news_mins_1_pct_dn,MATRIX,Number of minutes before the price decreased by at least 1 percent after the news release,0.8309,598,219,174.01075371291628
news12,news_open,MATRIX,Price at the session open,0.7145,1127,600,173.7249889932561
socialmedia8,snt_social_volume_fast_d1,MATRIX,Normalized tweet volume,0.9998,143,121,173.6982382194263
analyst4,anl4_bvps_low,MATRIX,"Book value - the lowest estimation, per share",0.6499,1608,1066,173.6867127264326
analyst4,anl4_qfd1_az_hgih_spe,MATRIX,Earnings per share - The highest estimation,0.7848,719,348,173.54787173111313
analyst4,anl4_epsr_mean,MATRIX,GAAP Earnings per share - mean of estimations,0.7153,1133,560,173.51366937049045
analyst4,anl4_cuo1conqfv110_item,VECTOR,Financial item,0.6979,1091,855,173.5090134437572
analyst4,est_bookvalue_ps,MATRIX,Book value per share - average of estimations,0.6751,1497,696,173.36278869457425
analyst4,anl4_netprofita_median,MATRIX,Adjusted net income - median of estimations,0.7511,759,583,173.2926892469449
analyst4,anl4_adxqfv110_down,VECTOR,Number of lower estimations,0.6979,1036,889,173.1869793959262
pv13,pv13_new_4l_scibr,GROUP,grouping fields,0.9896,152,114,172.98903985574063
pv13,pv13_hierarchy_min51_f1_sector,GROUP,grouping fields,0.9989,137,111,172.7550312080475
news12,nws12_mainz_4s,VECTOR,Number of minutes that elapsed before price went down 4 percentage points,0.9741,172,113,172.62390818695027
socialmedia8,snt_social_value_fast_d1,MATRIX,Z-score of sentiment,0.9998,140,101,172.59246297020303
news12,news_dividend_yield,MATRIX,Reported annual dividend yield percentage for the calendar day of the session,0.8534,406,225,172.53080685078737
analyst4,min_net_income_guidance,MATRIX,Net profit - minimum guidance value,1.0,131,111,172.42051358233917
analyst4,sales_estimate_count_2,MATRIX,Number of Sales estimates,1.0,133,106,172.34254217181865
news12,news_pct_10min,MATRIX,Percent change in price during the first 10 minutes following the news release,0.7657,713,405,172.3105954214045
analyst4,max_adjusted_eps_guidance,MATRIX,The maximum guidance value for adjusted earnings per share.,1.0,130,110,172.29962423857316
analyst4,sales_estimate_maximum,MATRIX,Sales - The highest estimation,1.0,134,102,172.22639272553246
pv13,pv13_hierarchy_sector,GROUP,grouping fields,1.0,132,104,172.17329303300517
news12,nws12_prez_short_interest,VECTOR,Total number of shares sold short divided by total number of shares outstanding,0.8116,471,354,172.09037880323262
analyst4,sales_estimate_average,MATRIX,Sales - mean of estimations with a delay of 1 quarter,1.0,139,90,171.9707217586773
analyst4,eps_max_guidance_quarterly,MATRIX,The maximum guidance value for Earnings Per Share.,1.0,126,107,171.852527000207
analyst4,tangible_book_value_per_share_max_guidance,MATRIX,Tangible Book Value per Share - Maximum guidance value,1.0,141,84,171.7715268584642
news12,nws12_mainz_01s,VECTOR,Number of minutes that elapsed before price went down 10 percentage points,0.9741,161,105,171.60315882288418
analyst4,anl4_qf_az_hgih_spe,MATRIX,Earnings per share - The highest estimation,0.7848,583,344,171.39673191343908
analyst4,shares_outstanding_max_guidance,MATRIX,Maximum guidance value for Shares,1.0,119,108,171.33165683896618
pv13,pv13_new_2l_scibr,GROUP,grouping fields,0.9896,128,110,171.10577505017838
news12,nws12_mainz_02p,VECTOR,The minimum of L or S above for 20-minute bucket,0.9741,174,80,171.03010551259734
analyst4,max_reported_pretax_income_guidance_2,MATRIX,Reported Pretax income- maximum guidance value,1.0,117,102,170.88049118580483
news12,nws12_mainz_3l,VECTOR,Number of minutes that elapsed before price went up 3 percentage points,0.9741,153,99,170.8053769540767
news12,nws12_mainz_4l,VECTOR,Number of minutes that elapsed before price went up 4 percentage points,0.9741,159,90,170.71603568492253
analyst4,anl4_qf_az_eps,MATRIX,"EPS - aggregation on estimations, 50th percentile",0.7848,559,324,170.67849374894064
analyst4,anl4_qfv4_eps_mean,MATRIX,Earnings per share - mean of estimations,1.0,120,93,170.67437936731744
analyst4,anl4_basicconafv110_numest,VECTOR,The number of forecasts counted in aggregation,0.7343,707,551,170.62218116832264
analyst4,anl4_gric_low,MATRIX,Gross income - The lowest estimation,0.6026,2004,955,170.60778296266372
analyst4,anl4_ptp_mean,MATRIX,Pretax income - mean of estimations,0.7327,807,434,170.59235074065438
analyst4,dividend_max_guidance_quarterly,MATRIX,Maximum guidance value for Dividend per share,1.0,114,101,170.57418535005388
analyst4,min_stock_option_expense_guidance,MATRIX,Stock option expense - minimum guidance value,1.0,114,101,170.57418535005388
news12,nws12_afterhsz_1l,VECTOR,Number of minutes that elapsed before price went up 1 percentage points,0.707,922,521,170.26463028444172
news12,nws12_afterhsz_01l,VECTOR,Number of minutes that elapsed before price went up 10 percentage points,0.707,874,570,170.17918491185625
analyst4,max_total_assets_guidance_2,MATRIX,The maximum guidance value for Total Assets,1.0,110,100,170.17090459732964
analyst4,anl4_netprofit_high,MATRIX,Net Profit - The highest estimation,0.7667,577,374,169.90036881657582
news12,nws12_afterhsz_result1,VECTOR,Percent change between the price at the time of the news release to the price at the close of the session,0.707,980,420,169.79888876406554
analyst4,anl4_capex_number,MATRIX,Capital Expenditures - number of estimations,0.6173,1394,1199,169.5868811214351
analyst4,anl4_ptp_median,MATRIX,Pretax income - median of estimations,0.7327,735,426,169.56622125343188
news12,nws12_mainz_eodclose,VECTOR,Close price of the session,0.9733,138,92,169.3377367970732
pv13,pv13_hierarchys32_sector,GROUP,grouping fields,1.0,106,91,169.33723122986424
analyst4,earnings_per_share_standard_deviation,MATRIX,Earnings per share - standard deviation of estimations,0.7237,679,531,168.97414542840974
analyst4,anl4_qf_az_wol_spe,MATRIX,Earnings per share - The lowest estimation,0.7848,506,276,168.88519756684855
analyst4,anl4_fs_detail_estimate_1qf_v4_nd_ptp_number,MATRIX,Pre-tax income number of contributing estimates,0.9083,184,171,168.77103063485052
analyst4,sales_estimate_median_quarterly,MATRIX,Sales - median of estimations,1.0,114,70,168.76272066883908
analyst4,anl4_qfd1_azeps,MATRIX,"EPS - aggregation on estimations, 50th percentile",0.7848,504,271,168.7545946242336
news12,nws12_afterhsz_result_vs_index,VECTOR,((EODClose - TONLast) / TONLast) - ((SPYClose - SPYLast) / SPYLast),0.707,845,458,168.75044464636497
analyst4,sales_estimate_average_quarterly,MATRIX,Sales - mean of estimations,1.0,112,68,168.4444107101097
news12,nws12_afterhsz_result2,VECTOR,Percent change between the price at the time of the news release to the price at the close of the session,0.707,904,371,168.373818708365
news12,nws12_mainz_opengap,VECTOR,(DayOpen - PrevClose) / PrevClose,0.9741,125,90,168.32711660209904
pv13,pv13_hierarchy23_513_sector,GROUP,grouping fields,0.9933,106,84,168.27154462707065
analyst4,anl4_bac1detailafv110_item,VECTOR,Financial item,0.7154,657,566,168.13384583189193
analyst4,anl4_qfv4_eps_high,MATRIX,Earnings per share - The highest estimation,1.0,118,56,168.00649127028805
analyst4,earnings_per_share_median_value,MATRIX,Earnings per share - median of estimations,1.0,100,77,167.9347493018605
analyst4,anl4_totassets_high,MATRIX,Total Assets - The highest estimation,0.7213,708,411,167.8736720120689
news12,nws12_mainz_lowexcstddev,VECTOR,"(TONLast - EODLow)/StdDev, where StdDev is one standard deviation for the close price for 30 calendar days",0.9691,153,60,167.83389534500284
analyst4,max_net_income_guidance,MATRIX,The maximum guidance value for net profit.,1.0,97,79,167.75980796007514
analyst4,max_tangible_book_value_per_share_guidance,MATRIX,Tangible Book Value per Share - maximum guidance value,1.0,93,85,167.70468430396758
pv13,pv13_new_3l_scibr,GROUP,grouping fields,0.9896,102,87,167.6939739546874
analyst4,anl4_totassets_value,MATRIX,Total Assets - actual value,0.6486,1308,497,167.68318804422228
news12,nws12_mainz_rangestddev,VECTOR,"(RangeAmt-AvgRange)/RangeStdDev, where AvgRange is the average of the daily range, and RangeStdDev is one standard deviation for the daily range, both for 30 calendar days",0.9691,132,78,167.66073054455265
analyst4,sales_estimate_stddev_quarterly,MATRIX,Standard deviation of Sales estimations,0.7259,679,390,167.65446578162835
analyst4,anl4_baz1v110_person,VECTOR,Broker Id,0.7154,636,537,167.54698935653056
analyst4,operating_profit_before_interest_tax,MATRIX,Earnings Before Interest and Taxes (EBIT) - Actual Value,0.9274,159,120,167.47069088032197
analyst4,anl4_fs_detail_estimates_basic_qf_delay1_v4_nd_eps_number,MATRIX,Number of Earnings Per Share estimates,0.9844,103,90,167.438206523998
analyst4,anl4_qfd1_az_wol_spe,MATRIX,Earnings per share - The lowest estimation,0.7848,446,265,167.42306749004416
pv13,pv13_hierarchy_f4_sector,GROUP,grouping fields,1.0,93,79,167.34308099606946
analyst4,guidance_reporting_currency,MATRIX,Pricing Currency where the security trades - Annual,1.0,91,82,167.31208880947338
analyst4,estimate_value_currency_code_detail_qtr,VECTOR,Home currency of instrument,0.964,117,102,167.28049118580483
analyst4,pretax_income_max_guidance_qtr,MATRIX,The maximum guidance value for Pretax income.,1.0,89,85,167.2698331845702
analyst4,dividend_min_guidance_quarterly,MATRIX,Minimum guidance value for Dividend per share,1.0,89,85,167.2698331845702
analyst4,max_free_cashflow_guidance,MATRIX,The maximum guidance value for Free Cash Flow.,1.0,91,80,167.1901315438526
analyst4,est_ebitda,MATRIX,"Earnings before interest, taxes, depreciation, and amortization - mean of estimations",0.6046,1943,492,167.1875757204173
analyst4,anl4_bvps_high,MATRIX,"Book value - the highest estimation, per share",0.6499,1142,572,167.15854522152182
analyst4,min_tangible_book_value_per_share_guidance_2,MATRIX,Tangible Book Value per Share - Minimum guidance value,1.0,89,82,167.09229974228563
analyst4,sales_estimate_average_annual,MATRIX,Sales - mean of estimations,1.0,96,69,166.98958599528063
analyst4,pretax_income_reported_min_guidance,MATRIX,Reported Pretax income - minimum guidance value,1.0,91,75,166.87155247192206
analyst4,anl4_qfv4_median_eps,MATRIX,Earnings per share - median of estimations,1.0,93,71,166.81627841778032
analyst4,anl4_gric_number,MATRIX,Gross income - number of estimations,0.6026,1329,996,166.7130960619672
analyst4,net_debt_min_guidance_qtr,MATRIX,Minimum guidance value for Net Debt,1.0,88,77,166.66990783076935
news12,nws12_mainz_57p,VECTOR,The minimum of L or S above for 7.5-minute bucket,0.9741,104,93,166.66607741292523
pv13,pv13_hierarchy_min54_3000_sector,GROUP,grouping fields,1.0,88,75,166.54003039875306
news12,news_pre_vwap,MATRIX,Pre-session volume-weighted average price,0.8289,308,191,166.51088962911638
analyst4,min_ebit_guidance,MATRIX,Minimum guidance value for Earnings Before Interest and Taxes (EBIT),1.0,86,78,166.50632044888096
analyst4,anl4_ebit_mean,MATRIX,Earnings before interest and taxes - mean of estimations,0.7097,714,380,166.4068223025736
analyst4,max_total_assets_guidance,MATRIX,The maximum guidance value for Total Assets.,1.0,83,82,166.4023710274161
analyst4,anl4_bvps_mean,MATRIX,Book value per share - average of estimations,0.6499,1098,515,166.24209337144404
socialmedia12,scl12_alltype_sentvec,VECTOR,sentiment,0.9525,141,69,166.0507467862594
analyst4,est_grossincome,MATRIX,Gross income - Mean of estimations,0.6246,1374,525,166.04859616469528
pv13,pv13_hierarchy_min5_f3g2_sector,GROUP,grouping fields,1.0,86,71,166.04241178162613
analyst4,max_free_cashflow_per_share_guidance,MATRIX,The maximum guidance value for free cash flow per share.,1.0,83,76,166.02719509770154
analyst4,net_profit_adjusted_value,MATRIX,Adjusted net income- announced financial value,0.9312,146,97,165.9491632611402
news12,nws12_mainz_3p,VECTOR,The minimum of L or S above for 3-minute bucket,0.9741,101,85,165.93146461411024
pv13,pv13_hierarchy2_513_sector,GROUP,grouping fields,0.9933,86,79,165.89921435991525
analyst4,cash_flow_financing_max_guidance,MATRIX,Cash Flow From Financing - Maximum guidance value provided annually,1.0,83,74,165.89560855611467
analyst4,estimate_value_currency_code_qtr,VECTOR,Home currency of instrument,1.0,84,71,165.80984315998344
news12,nws12_mainz_tonlast,VECTOR,Price at the time of news,0.9733,118,61,165.75690685634078
analyst4,sales_estimate_standard_deviation,MATRIX,Sales - standard deviation of estimations,0.7259,574,373,165.75497939504615
analyst4,anl4_fs_detail_estimates_basic_af_v4_nd_currency,MATRIX,Home currency of the instrument,1.0,83,71,165.6914985835134
analyst4,anl4_cfo_number,MATRIX,Cash Flow From Operations - number of estimations,0.6232,1067,833,165.68659720699517
pv13,pv13_hierarchy_min51_f4_sector,GROUP,grouping fields,1.0,84,69,165.66898877514996
pv13,pv13_hierarchy_min52_sector,GROUP,grouping fields,1.0,82,72,165.64070328370792
